[
{
  "model": "auth.user",
  "fields": {
    "password": "pbkdf2_sha256$260000$iBeh9fedqnL4MNEp73kVT8$RBf4nfioG8ebF9MeLqLAM94L8qQ8nBhdX2b9On22LBg=",
    "last_login": "2021-07-05T05:39:18.914Z",
    "is_superuser": true,
    "username": "bbtvntrash@gmail.com",
    "first_name": "Sarun -",
    "last_name": "",
    "email": "bbtvntrash@gmail.com",
    "is_staff": true,
    "is_active": true,
    "date_joined": "2021-04-12T01:09:11Z",
    "groups": [],
    "user_permissions": []
  }
},
{
  "model": "auth.user",
  "fields": {
    "password": "pbkdf2_sha256$260000$wjb4Fo8VRfugeIOK0Dsj6d$3JiecdBBL0Ull/vutBhF4kWewj5HHF3zfMnuF+MlUSY=",
    "last_login": null,
    "is_superuser": false,
    "username": "camiloxj2@gmail.com",
    "first_name": "Bomben fatun",
    "last_name": "Baluetico",
    "email": "camiloxj2@gmail.com",
    "is_staff": false,
    "is_active": true,
    "date_joined": "2021-04-16T00:39:56Z",
    "groups": [],
    "user_permissions": []
  }
},
{
  "model": "auth.user",
  "fields": {
    "password": "pbkdf2_sha256$260000$Mj1CcQZDaRyClIsj1zbxDD$CRuVQFo1RTpgWjZme+UCUZgn02K+uXzV2VgyMv9xcHg=",
    "last_login": null,
    "is_superuser": false,
    "username": "bombito@gmail.com",
    "first_name": "bombito",
    "last_name": "",
    "email": "bombito@gmail.com",
    "is_staff": false,
    "is_active": true,
    "date_joined": "2021-04-18T01:00:12Z",
    "groups": [],
    "user_permissions": []
  }
},
{
  "model": "auth.user",
  "fields": {
    "password": "pbkdf2_sha256$260000$BEGyHmKhLIFWeZVckfl9E4$9VCVpTEWSDJu59c1eTo9bOKD2+xm92q0dVShGMIh8Yg=",
    "last_login": null,
    "is_superuser": false,
    "username": "dubdeb@gmail.com",
    "first_name": "Señores dantica",
    "last_name": "",
    "email": "dubdeb@gmail.com",
    "is_staff": false,
    "is_active": true,
    "date_joined": "2021-04-18T02:30:37Z",
    "groups": [],
    "user_permissions": []
  }
},
{
  "model": "auth.user",
  "fields": {
    "password": "pbkdf2_sha256$260000$Erb69Rb95F7tIc5KEIRLWD$FR2fr+t5rr2ggFhu67upMzMa/NEQnVFLecYBdGOZpBQ=",
    "last_login": null,
    "is_superuser": false,
    "username": "wow@gmail.com",
    "first_name": "bombo",
    "last_name": "",
    "email": "wow@gmail.com",
    "is_staff": false,
    "is_active": true,
    "date_joined": "2021-04-18T16:40:35.440Z",
    "groups": [],
    "user_permissions": []
  }
},
{
  "model": "auth.user",
  "fields": {
    "password": "pbkdf2_sha256$260000$ZxwPak3qF0OTVTI5QPZgiF$bVJwLa0VKx+in4m90pPmGamqbnxN2RSJ6qusHaRSTmc=",
    "last_login": null,
    "is_superuser": false,
    "username": "laura_juana@email.com",
    "first_name": "Laura",
    "last_name": "",
    "email": "laura_juana@email.com",
    "is_staff": false,
    "is_active": true,
    "date_joined": "2021-06-10T23:35:34.357Z",
    "groups": [],
    "user_permissions": []
  }
},
{
  "model": "auth.user",
  "fields": {
    "password": "pbkdf2_sha256$260000$gFAHOZEfbWQBviLhDQenCM$lYVQAJHqTH5QmdwHGGdYUykdGgZowkhTZktZrNWWxEw=",
    "last_login": null,
    "is_superuser": false,
    "username": "marlon@email.com",
    "first_name": "Marlon",
    "last_name": "",
    "email": "marlon@email.com",
    "is_staff": false,
    "is_active": true,
    "date_joined": "2021-06-11T03:51:43.353Z",
    "groups": [],
    "user_permissions": []
  }
},
{
  "model": "auth.user",
  "fields": {
    "password": "pbkdf2_sha256$260000$hZHeXkHYh0F1AucnjvNpBQ$fDndsds5mDRVKFD2TtLrTPMggaBOWUrQaNRbXxWrMe4=",
    "last_login": null,
    "is_superuser": false,
    "username": "mari@email.com",
    "first_name": "Maricela Luque",
    "last_name": "",
    "email": "mari@email.com",
    "is_staff": false,
    "is_active": true,
    "date_joined": "2021-06-11T03:56:07.817Z",
    "groups": [],
    "user_permissions": []
  }
},
{
  "model": "auth.user",
  "fields": {
    "password": "pbkdf2_sha256$260000$wsPAM8IVJUbox9ebQxJaxE$0/Vh7QCW7DbElIJuZlVgUp6NEQ9ZhMVYroEGyqkpvSQ=",
    "last_login": null,
    "is_superuser": false,
    "username": "mare@email.com",
    "first_name": "Mariana Soto",
    "last_name": "",
    "email": "mare@email.com",
    "is_staff": false,
    "is_active": true,
    "date_joined": "2021-06-11T04:04:28.822Z",
    "groups": [],
    "user_permissions": []
  }
},
{
  "model": "sessions.session",
  "pk": "1wci6p0umnrme4f59sa7dukv3p50v8ld",
  "fields": {
    "session_data": ".eJxVjEEOwiAURO_C2hCgUMCl-56B_A8fqRpISrsy3t026UIzu3lv5s0CbGsJW6clzIldmWSX3w4hPqkeID2g3huPra7LjPxQ-Ek7n1qi1-10_w4K9LKvlU4qJ4HZWETjSAuPQ057QJPVmWJ2VuJIo5dReie9BalAIQklzBDZ5wsOijiQ:1ld16R:6awI1KV3sxUoyZwZmt2xOQVN-nbxRlY43muo1Ix8nI4",
    "expire_date": "2021-05-16T01:40:59.697Z"
  }
},
{
  "model": "sessions.session",
  "pk": "kg0gmo6y2e3jeddl9qwjul87szc9qc7k",
  "fields": {
    "session_data": ".eJxVjEEOwiAURO_C2hCgUMCl-56B_A8fqRpISrsy3t026UIzu3lv5s0CbGsJW6clzIldmWSX3w4hPqkeID2g3huPra7LjPxQ-Ek7n1qi1-10_w4K9LKvlU4qJ4HZWETjSAuPQ057QJPVmWJ2VuJIo5dReie9BalAIQklzBDZ5wsOijiQ:1lXvgu:1yTgru3eXqVidcyZWYp_ZHGJUsEzC4XwWq9G9Ro5KWM",
    "expire_date": "2021-05-02T00:53:36.920Z"
  }
},
{
  "model": "sessions.session",
  "pk": "mmby33cvhefywxevph37x0yx0y2fi1o7",
  "fields": {
    "session_data": ".eJxVjEEOwiAURO_C2hCgUMCl-56B_A8fqRpISrsy3t026UIzu3lv5s0CbGsJW6clzIldmWSX3w4hPqkeID2g3huPra7LjPxQ-Ek7n1qi1-10_w4K9LKvlU4qJ4HZWETjSAuPQ057QJPVmWJ2VuJIo5dReie9BalAIQklzBDZ5wsOijiQ:1m0HKB:Llqn7IGNGX-augG03NVwcqpT_vCIhRuEjRX_ogdX2MQ",
    "expire_date": "2021-07-19T05:39:19.004Z"
  }
},
{
  "model": "sessions.session",
  "pk": "rza19w4b0udzy5ei3l3r1j7wtfdbq9ye",
  "fields": {
    "session_data": ".eJxVjEEOwiAURO_C2hCgUMCl-56B_A8fqRpISrsy3t026UIzu3lv5s0CbGsJW6clzIldmWSX3w4hPqkeID2g3huPra7LjPxQ-Ek7n1qi1-10_w4K9LKvlU4qJ4HZWETjSAuPQ057QJPVmWJ2VuJIo5dReie9BalAIQklzBDZ5wsOijiQ:1loWN0:vi3x_fmCLXwwOESmF8G5uM1tSc6oNcJg2Zc6lWcrAfI",
    "expire_date": "2021-06-16T19:17:38.378Z"
  }
},
{
  "model": "sessions.session",
  "pk": "sn9ay8dgsvrp5xxfpqbde4s2kkzbqebq",
  "fields": {
    "session_data": ".eJxVjEEOwiAURO_C2hCgUMCl-56B_A8fqRpISrsy3t026UIzu3lv5s0CbGsJW6clzIldmWSX3w4hPqkeID2g3huPra7LjPxQ-Ek7n1qi1-10_w4K9LKvlU4qJ4HZWETjSAuPQ057QJPVmWJ2VuJIo5dReie9BalAIQklzBDZ5wsOijiQ:1lVl5y:bmNe6IKtI0mLenjX5njdszJNC2RJ9UbGRn6BwydbAc4",
    "expire_date": "2021-04-26T01:10:30.957Z"
  }
},
{
  "model": "base.product",
  "pk": 24,
  "fields": {
    "user": [
      "bbtvntrash@gmail.com"
    ],
    "name": "Dance pole giratorio de altura ajustable",
    "image": "kit_pole.jpg",
    "brand": "Uplift active",
    "category": "Pole Dance",
    "description": "Este dance pole es perfecto para el entrenamiento en casa o estudio. Construye músculo, incrementa tu fuerza y flexibilidad. Elaborado en metal con acabado en cromo electroplateado, puede ser extendido de 2.2 a 2.7 metros aprox.\r\nCarga máxima 200kg y puede configurarse para trabajar estacionario o giratorio.\r\n\r\nEl paquete incluye:\r\n2  Poles  principales (45mm de diiámetro)\r\n1 125mm Extend Pole\r\n1 250mm Extend Pole\r\n1 Cobertura ajustable\r\n1 Base\r\n1 Cúpula de techo",
    "rating": "5.00",
    "numReviews": 3,
    "price": "899000",
    "countInStock": 4,
    "cretedAt": "2021-06-10T22:29:06.055Z"
  }
},
{
  "model": "base.product",
  "pk": 25,
  "fields": {
    "user": [
      "bbtvntrash@gmail.com"
    ],
    "name": "Body bar 6 kg",
    "image": "body-bar-2kg.jpg",
    "brand": "Sport Fitness",
    "category": "Funcional",
    "description": "Body bar para todo tipo de entrenamientos de equilibrio y fuerza funcional.\r\nMedidas: Largo 100 cm, ancho 6 cm, alto 6 cm.",
    "rating": "4.00",
    "numReviews": 1,
    "price": "55000",
    "countInStock": 7,
    "cretedAt": "2021-06-10T22:35:10.360Z"
  }
},
{
  "model": "base.product",
  "pk": 26,
  "fields": {
    "user": [
      "bbtvntrash@gmail.com"
    ],
    "name": "Stand Aereo",
    "image": "aereal-staand.jpg",
    "brand": "Uplift active",
    "category": "Aereo",
    "description": "Plataforma metálica de alta calidad para la práctica de todo tipo de disciplinas aéreas. Compatible con yoga aereo, telas, aros , trapecio estático y más.\r\n\r\nAltura ajustable de 1.5 a 3.3 m  en incrementos de 12 cm. Fabricación robusta y de alta calidad.",
    "rating": "4.50",
    "numReviews": 2,
    "price": "2990000",
    "countInStock": -1,
    "cretedAt": "2021-06-10T22:38:48.029Z"
  }
},
{
  "model": "base.product",
  "pk": 27,
  "fields": {
    "user": [
      "bbtvntrash@gmail.com"
    ],
    "name": "Kit Columpio de yoga",
    "image": "yoga-swing.jpg",
    "brand": "Uplift active",
    "category": "Yoga",
    "description": "Columpio de yoga con manijas para la práctica de posturas avanzadas.\r\n\r\nCada kit Incluye:\r\n\r\n1 hamaca de tela\r\n6 manijas de espuma\r\n2 mosquetones\r\nGuía de poses (digital)",
    "rating": "4.00",
    "numReviews": 1,
    "price": "289000",
    "countInStock": 4,
    "cretedAt": "2021-06-10T22:43:12.576Z"
  }
},
{
  "model": "base.product",
  "pk": 28,
  "fields": {
    "user": [
      "bbtvntrash@gmail.com"
    ],
    "name": "Bola de Gimnasia",
    "image": "bola-gimnasia.jpg",
    "brand": "Sport Fitness",
    "category": "Funcional",
    "description": "Bola de gimnasia de 65 cm de diámetro. Mejora la postura, el balance y la flexibilidad.",
    "rating": "5.00",
    "numReviews": 1,
    "price": "29000",
    "countInStock": 19,
    "cretedAt": "2021-06-10T22:47:59.200Z"
  }
},
{
  "model": "base.product",
  "pk": 29,
  "fields": {
    "user": [
      "bbtvntrash@gmail.com"
    ],
    "name": "Colchón de gimnasia de 3 paneles",
    "image": "colchon-gimnasia.jpg",
    "brand": "Uplift active",
    "category": "Funcional",
    "description": "Colchón plegable de 3 paneles, perfecto para gimnasia, terapia y relajación.\r\n\r\nMaterial: tela de poliuretano y algodón.\r\nTamaño expandido:180*60*5 cm\r\nTamaño plegado: 60*15 cm",
    "rating": "4.50",
    "numReviews": 2,
    "price": "299000",
    "countInStock": 2,
    "cretedAt": "2021-06-10T22:53:05.563Z"
  }
},
{
  "model": "base.product",
  "pk": 30,
  "fields": {
    "user": [
      "bbtvntrash@gmail.com"
    ],
    "name": "Viga de equilibrio para gimnasia",
    "image": "viga.jpg",
    "brand": "Uplift active",
    "category": "Gimnasia",
    "description": "Viga de 8 pies para la práctica de saltos de gimnasia en cualquier lugar. Hecho de etilviniacetato (foamy) para mayor seguridad y duración.",
    "rating": "3.00",
    "numReviews": 1,
    "price": "219000",
    "countInStock": 8,
    "cretedAt": "2021-06-10T22:56:21.224Z"
  }
},
{
  "model": "base.product",
  "pk": 31,
  "fields": {
    "user": [
      "bbtvntrash@gmail.com"
    ],
    "name": "Kit de telas aéreas",
    "image": "telas-aereas.jpg",
    "brand": "Uplift active",
    "category": "Aereo",
    "description": "Kit completo para la práctica de telas aéreas. Contiene elementos de alta calidad y trabajo pesado, para la construcción de una plataforma segura. Cada kit trae:\r\n2 Mosquetones de acero inoxidable (CE & EN Certified) para hasta  25KN \r\n1 Figure Eight (Descensor):Hecho de aluminio de alta calidad, hasta 32KN \r\n1 Roula de aluminio, de hasta30KN (6744LBF)\r\n1 Eslinga de 3 pies ( 2600LBS)\r\nTela de nylon de alta resistencia con acabado brillante",
    "rating": "5.00",
    "numReviews": 1,
    "price": "619000",
    "countInStock": 2,
    "cretedAt": "2021-06-10T23:03:55.194Z"
  }
},
{
  "model": "base.product",
  "pk": 32,
  "fields": {
    "user": [
      "bbtvntrash@gmail.com"
    ],
    "name": "Kit de lyra",
    "image": "set-anillo.jpg",
    "brand": "Uplift active",
    "category": "Aereo",
    "description": "Kit completo para la práctica de la lyra, con accesorios para la plataforma. \r\nEl set incluye\r\n1 Aro de anillo inoxidable\r\n2 Mosquetones de acero inoxidable\r\n1 Rótula de aluminio\r\n1 Eslinga de 3ft\r\n\r\nTodos los accesorios son de grado industrial para total seguridad.",
    "rating": "5.00",
    "numReviews": 1,
    "price": "890000",
    "countInStock": 2,
    "cretedAt": "2021-06-10T23:09:51.428Z"
  }
},
{
  "model": "base.product",
  "pk": 33,
  "fields": {
    "user": [
      "bbtvntrash@gmail.com"
    ],
    "name": "Kit de Hamaca para yoga",
    "image": "hamaca-yoga.jpg",
    "brand": "Uplift active",
    "category": "Yoga",
    "description": "Kit con todo lo necesario para mejorar la flexibilidad y el equilibrio por medio de la práctica del yoga.\r\nEL set incluye:\r\n\r\n1 Hamaca de seda de nylon\r\n2 Mosquetones de acero inoxidable\r\n2 Cadenas de grado industrial\r\nGuías digitales de poses y nudos.",
    "rating": "5.00",
    "numReviews": 1,
    "price": "396000",
    "countInStock": 3,
    "cretedAt": "2021-06-10T23:15:04.256Z"
  }
},
{
  "model": "base.product",
  "pk": 34,
  "fields": {
    "user": [
      "bbtvntrash@gmail.com"
    ],
    "name": "Cubo para yoga",
    "image": "cubo-yoga.jpg",
    "brand": "Sport Fitness",
    "category": "Yoga",
    "description": "Cubo para yoga de varios colores",
    "rating": null,
    "numReviews": 0,
    "price": "11900",
    "countInStock": 15,
    "cretedAt": "2021-06-10T23:16:37.167Z"
  }
},
{
  "model": "base.product",
  "pk": 35,
  "fields": {
    "user": [
      "bbtvntrash@gmail.com"
    ],
    "name": "Colchón para pole dance",
    "image": "colchon-yoga.jpg",
    "brand": "Uplift active",
    "category": "Pole Dance",
    "description": "Colchoneta plegable  de 2 pulgadas, que se ajusta a las bases estándar para la práctica del pole dance con seguridad. Material fácil de limpiar.",
    "rating": null,
    "numReviews": 0,
    "price": "199000",
    "countInStock": 5,
    "cretedAt": "2021-06-10T23:19:42.042Z"
  }
},
{
  "model": "base.product",
  "pk": 36,
  "fields": {
    "user": [
      "bbtvntrash@gmail.com"
    ],
    "name": "Piso de espuma encajable",
    "image": "piso-espuma.jpg",
    "brand": "Uplift active",
    "category": "Funcional",
    "description": "Superficie hecha de espuma premium, ideal para la práctica de deportes bajo techo. Sirve para lugares de alto tráfico. Precio por 4.5 m2.",
    "rating": "5.00",
    "numReviews": 1,
    "price": "119000",
    "countInStock": 19,
    "cretedAt": "2021-06-10T23:23:37.238Z"
  }
},
{
  "model": "base.product",
  "pk": 37,
  "fields": {
    "user": [
      "bbtvntrash@gmail.com"
    ],
    "name": "Red aérea",
    "image": "red.jpg",
    "brand": "Uplift active",
    "category": "Aereo",
    "description": "Red aérea para la práctica de gimnaia artística. Elaborada de malla de resistencia industrial, tejida por máquina.\r\n\r\n\r\nDimensionse: 4m x 2.8 m\r\nLímite de peso: 100kg/220lbs\r\nPeso del item: 3.5kg/7.7lbs",
    "rating": "4.00",
    "numReviews": 1,
    "price": "699000",
    "countInStock": 4,
    "cretedAt": "2021-06-10T23:26:28.328Z"
  }
},
{
  "model": "base.product",
  "pk": 38,
  "fields": {
    "user": [
      "bbtvntrash@gmail.com"
    ],
    "name": "Lazo para salto",
    "image": "lazo.jpg",
    "brand": "Sport Fitness",
    "category": "Funcional",
    "description": "Lazo para acondicionamiento físico y mejora de la capacidad cardiovascular.\r\n\r\n• Medida: 2.4mm x 3mt\r\n• Con mangos en plástico y guaya recubierta en caucho\r\n\r\n•  Uso: Institucional, profesional y doméstico",
    "rating": "5.00",
    "numReviews": 1,
    "price": "13900",
    "countInStock": 10,
    "cretedAt": "2021-06-10T23:28:49.450Z"
  }
},
{
  "model": "base.product",
  "pk": 39,
  "fields": {
    "user": [
      "bbtvntrash@gmail.com"
    ],
    "name": "Cintas de agarre",
    "image": "cinta-anillo.jpg",
    "brand": "Sport Fitness",
    "category": "Funcional",
    "description": "Cintas para  mejora de agarre en disciplinas aéras como lyra y pole dance, entre otros.\r\nAncho: 2.5cm\r\nLongitud: 25 m",
    "rating": "2.00",
    "numReviews": 1,
    "price": "34900",
    "countInStock": 13,
    "cretedAt": "2021-06-10T23:32:49.660Z"
  }
},
{
  "model": "base.review",
  "pk": 1,
  "fields": {
    "product": null,
    "user": [
      "bbtvntrash@gmail.com"
    ],
    "name": "Sarun -",
    "rating": 3,
    "comment": "Good product",
    "createdAt": "2021-05-02T23:52:31.671Z"
  }
},
{
  "model": "base.review",
  "pk": 2,
  "fields": {
    "product": null,
    "user": [
      "bombito@gmail.com"
    ],
    "name": "bombito",
    "rating": 5,
    "comment": "Great",
    "createdAt": "2021-05-03T00:38:03.452Z"
  }
},
{
  "model": "base.review",
  "pk": 3,
  "fields": {
    "product": null,
    "user": [
      "dubdeb@gmail.com"
    ],
    "name": "Señores dantica",
    "rating": 2,
    "comment": "meh",
    "createdAt": "2021-05-03T00:40:48.407Z"
  }
},
{
  "model": "base.review",
  "pk": 4,
  "fields": {
    "product": null,
    "user": [
      "bbtvntrash@gmail.com"
    ],
    "name": "Sarun -",
    "rating": 4,
    "comment": "Nice",
    "createdAt": "2021-05-05T16:29:57.337Z"
  }
},
{
  "model": "base.review",
  "pk": 5,
  "fields": {
    "product": null,
    "user": [
      "bombito@gmail.com"
    ],
    "name": "bombito",
    "rating": 5,
    "comment": "uff ",
    "createdAt": "2021-05-05T16:53:05.555Z"
  }
},
{
  "model": "base.review",
  "pk": 6,
  "fields": {
    "product": null,
    "user": [
      "bombito@gmail.com"
    ],
    "name": "Bueno",
    "rating": 5,
    "comment": "Gran camara",
    "createdAt": "2021-06-02T19:18:25.833Z"
  }
},
{
  "model": "base.review",
  "pk": 7,
  "fields": {
    "product": 26,
    "user": [
      "laura_juana@email.com"
    ],
    "name": "Laura",
    "rating": 4,
    "comment": "Excelente producto, tal cual se ve en la publicación",
    "createdAt": "2021-06-10T23:36:02.283Z"
  }
},
{
  "model": "base.review",
  "pk": 8,
  "fields": {
    "product": 24,
    "user": [
      "laura_juana@email.com"
    ],
    "name": "Laura",
    "rating": 5,
    "comment": "Excelente calidad y fácil de instalar ",
    "createdAt": "2021-06-11T02:49:00.421Z"
  }
},
{
  "model": "base.review",
  "pk": 9,
  "fields": {
    "product": 36,
    "user": [
      "laura_juana@email.com"
    ],
    "name": "Laura",
    "rating": 5,
    "comment": "Ha protegido muy bien el suelo de mi casa, que es delicado",
    "createdAt": "2021-06-11T03:46:20.571Z"
  }
},
{
  "model": "base.review",
  "pk": 10,
  "fields": {
    "product": 25,
    "user": [
      "marlon@email.com"
    ],
    "name": "Marlon",
    "rating": 4,
    "comment": "Excelente calidad, me gustaría más variedad de pesos\n",
    "createdAt": "2021-06-11T03:52:03.805Z"
  }
},
{
  "model": "base.review",
  "pk": 11,
  "fields": {
    "product": 29,
    "user": [
      "marlon@email.com"
    ],
    "name": "Marlon",
    "rating": 5,
    "comment": "Mucho mejor de lo que esperaba",
    "createdAt": "2021-06-11T03:52:24.106Z"
  }
},
{
  "model": "base.review",
  "pk": 12,
  "fields": {
    "product": 28,
    "user": [
      "marlon@email.com"
    ],
    "name": "Marlon",
    "rating": 5,
    "comment": "Excelente para hacer ejercicios en la oficina",
    "createdAt": "2021-06-11T03:52:42.804Z"
  }
},
{
  "model": "base.review",
  "pk": 13,
  "fields": {
    "product": 38,
    "user": [
      "marlon@email.com"
    ],
    "name": "Marlon",
    "rating": 5,
    "comment": "He mejorado mucho mi cardio con este lazo",
    "createdAt": "2021-06-11T03:53:10.706Z"
  }
},
{
  "model": "base.review",
  "pk": 14,
  "fields": {
    "product": 39,
    "user": [
      "marlon@email.com"
    ],
    "name": "Marlon",
    "rating": 2,
    "comment": "Me parecen costosas para lo que son",
    "createdAt": "2021-06-11T03:53:34.215Z"
  }
},
{
  "model": "base.review",
  "pk": 15,
  "fields": {
    "product": 37,
    "user": [
      "marlon@email.com"
    ],
    "name": "Marlon",
    "rating": 4,
    "comment": "La calidad es muy buena, ojalá hubieran más colores",
    "createdAt": "2021-06-11T03:54:21.691Z"
  }
},
{
  "model": "base.review",
  "pk": 16,
  "fields": {
    "product": 33,
    "user": [
      "marlon@email.com"
    ],
    "name": "Marlon",
    "rating": 5,
    "comment": "A mi hija le ha encantado",
    "createdAt": "2021-06-11T03:55:33.671Z"
  }
},
{
  "model": "base.review",
  "pk": 17,
  "fields": {
    "product": 24,
    "user": [
      "mari@email.com"
    ],
    "name": "Maricela Luque",
    "rating": 5,
    "comment": "Me ha encantado tener mi propio pole en mi cuarto, he mejorado mucho mi técnica",
    "createdAt": "2021-06-11T03:56:56.244Z"
  }
},
{
  "model": "base.review",
  "pk": 18,
  "fields": {
    "product": 26,
    "user": [
      "mari@email.com"
    ],
    "name": "Maricela Luque",
    "rating": 5,
    "comment": "Estructura muy estable, me ha parecido muy buena compra hasta ahora",
    "createdAt": "2021-06-11T03:57:28.696Z"
  }
},
{
  "model": "base.review",
  "pk": 19,
  "fields": {
    "product": 27,
    "user": [
      "mari@email.com"
    ],
    "name": "Maricela Luque",
    "rating": 4,
    "comment": "Me gustaría más variedad de colores",
    "createdAt": "2021-06-11T03:57:50.578Z"
  }
},
{
  "model": "base.review",
  "pk": 20,
  "fields": {
    "product": 30,
    "user": [
      "mari@email.com"
    ],
    "name": "Maricela Luque",
    "rating": 3,
    "comment": "Se deformó al mes de uso, no es de tan buena caldiad",
    "createdAt": "2021-06-11T04:02:51.748Z"
  }
},
{
  "model": "base.review",
  "pk": 21,
  "fields": {
    "product": 29,
    "user": [
      "mari@email.com"
    ],
    "name": "Maricela Luque",
    "rating": 4,
    "comment": "Cumple lo que promete",
    "createdAt": "2021-06-11T04:03:46.209Z"
  }
},
{
  "model": "base.review",
  "pk": 22,
  "fields": {
    "product": 24,
    "user": [
      "mare@email.com"
    ],
    "name": "Mariana Soto",
    "rating": 5,
    "comment": "Mi producto favorito, es como tener la academia en casa!!",
    "createdAt": "2021-06-11T04:05:23.359Z"
  }
},
{
  "model": "base.review",
  "pk": 23,
  "fields": {
    "product": 32,
    "user": [
      "mare@email.com"
    ],
    "name": "Mariana Soto",
    "rating": 5,
    "comment": "El aro es de excelente calidad, fue un poco difícil de instalar pero vale la pena",
    "createdAt": "2021-06-11T04:06:24.781Z"
  }
},
{
  "model": "base.review",
  "pk": 24,
  "fields": {
    "product": 31,
    "user": [
      "mare@email.com"
    ],
    "name": "Mariana Soto",
    "rating": 5,
    "comment": "Soy fan de la tela, perfecto para la academia que estoy montando",
    "createdAt": "2021-06-11T04:07:35.451Z"
  }
},
{
  "model": "base.order",
  "pk": 80,
  "fields": {
    "user": [
      "dubdeb@gmail.com"
    ],
    "paymentMethod": "PayPal",
    "taxPrice": "5.70",
    "shippingPrice": "10.00",
    "totalPrice": "45.69",
    "isPaid": false,
    "paidAt": null,
    "isDelivered": false,
    "deliveredAt": null,
    "createdAt": "2021-04-26T01:13:46.430Z"
  }
},
{
  "model": "base.order",
  "pk": 81,
  "fields": {
    "user": [
      "dubdeb@gmail.com"
    ],
    "paymentMethod": "PayPal",
    "taxPrice": "5.70",
    "shippingPrice": "10.00",
    "totalPrice": "45.69",
    "isPaid": true,
    "paidAt": "2021-04-26T01:14:36.322Z",
    "isDelivered": false,
    "deliveredAt": null,
    "createdAt": "2021-04-26T01:14:14.430Z"
  }
},
{
  "model": "base.order",
  "pk": 82,
  "fields": {
    "user": [
      "dubdeb@gmail.com"
    ],
    "paymentMethod": "PayPal",
    "taxPrice": "114.00",
    "shippingPrice": "0.00",
    "totalPrice": "713.99",
    "isPaid": false,
    "paidAt": null,
    "isDelivered": false,
    "deliveredAt": null,
    "createdAt": "2021-04-26T01:31:22.711Z"
  }
},
{
  "model": "base.order",
  "pk": 83,
  "fields": {
    "user": [
      "dubdeb@gmail.com"
    ],
    "paymentMethod": "PayPal",
    "taxPrice": "5.70",
    "shippingPrice": "10.00",
    "totalPrice": "45.69",
    "isPaid": true,
    "paidAt": "2021-04-26T01:32:16.796Z",
    "isDelivered": true,
    "deliveredAt": "2021-05-02T23:13:44.129Z",
    "createdAt": "2021-04-26T01:31:45.887Z"
  }
},
{
  "model": "base.order",
  "pk": 84,
  "fields": {
    "user": [
      "dubdeb@gmail.com"
    ],
    "paymentMethod": "PayPal",
    "taxPrice": "76.00",
    "shippingPrice": "0.00",
    "totalPrice": "475.99",
    "isPaid": false,
    "paidAt": null,
    "isDelivered": false,
    "deliveredAt": null,
    "createdAt": "2021-04-26T01:34:00.297Z"
  }
},
{
  "model": "base.order",
  "pk": 85,
  "fields": {
    "user": [
      "dubdeb@gmail.com"
    ],
    "paymentMethod": "PayPal",
    "taxPrice": "5.70",
    "shippingPrice": "10.00",
    "totalPrice": "45.69",
    "isPaid": false,
    "paidAt": null,
    "isDelivered": false,
    "deliveredAt": null,
    "createdAt": "2021-04-26T01:38:53.911Z"
  }
},
{
  "model": "base.order",
  "pk": 86,
  "fields": {
    "user": [
      "bombito@gmail.com"
    ],
    "paymentMethod": "PayPal",
    "taxPrice": "9.50",
    "shippingPrice": "10.00",
    "totalPrice": "69.49",
    "isPaid": false,
    "paidAt": null,
    "isDelivered": false,
    "deliveredAt": null,
    "createdAt": "2021-04-26T01:39:12.307Z"
  }
},
{
  "model": "base.order",
  "pk": 87,
  "fields": {
    "user": [
      "dubdeb@gmail.com"
    ],
    "paymentMethod": "PayPal",
    "taxPrice": "76.00",
    "shippingPrice": "0.00",
    "totalPrice": "475.99",
    "isPaid": true,
    "paidAt": "2021-04-26T01:41:20.923Z",
    "isDelivered": false,
    "deliveredAt": null,
    "createdAt": "2021-04-26T01:40:55.472Z"
  }
},
{
  "model": "base.order",
  "pk": 88,
  "fields": {
    "user": [
      "dubdeb@gmail.com"
    ],
    "paymentMethod": "PayPal",
    "taxPrice": "9.50",
    "shippingPrice": "10.00",
    "totalPrice": "69.49",
    "isPaid": false,
    "paidAt": null,
    "isDelivered": false,
    "deliveredAt": null,
    "createdAt": "2021-04-26T01:41:54.101Z"
  }
},
{
  "model": "base.order",
  "pk": 89,
  "fields": {
    "user": [
      "dubdeb@gmail.com"
    ],
    "paymentMethod": "PayPal",
    "taxPrice": "17.10",
    "shippingPrice": "10.00",
    "totalPrice": "117.09",
    "isPaid": false,
    "paidAt": null,
    "isDelivered": false,
    "deliveredAt": null,
    "createdAt": "2021-04-26T02:12:44.242Z"
  }
},
{
  "model": "base.order",
  "pk": 90,
  "fields": {
    "user": [
      "dubdeb@gmail.com"
    ],
    "paymentMethod": "PayPal",
    "taxPrice": "17.10",
    "shippingPrice": "10.00",
    "totalPrice": "117.09",
    "isPaid": false,
    "paidAt": null,
    "isDelivered": false,
    "deliveredAt": null,
    "createdAt": "2021-04-26T02:14:23.416Z"
  }
},
{
  "model": "base.order",
  "pk": 91,
  "fields": {
    "user": [
      "dubdeb@gmail.com"
    ],
    "paymentMethod": "PayPal",
    "taxPrice": "114.00",
    "shippingPrice": "0.00",
    "totalPrice": "713.99",
    "isPaid": true,
    "paidAt": "2021-04-26T02:16:46.353Z",
    "isDelivered": false,
    "deliveredAt": null,
    "createdAt": "2021-04-26T02:16:07.159Z"
  }
},
{
  "model": "base.order",
  "pk": 92,
  "fields": {
    "user": [
      "dubdeb@gmail.com"
    ],
    "paymentMethod": "PayPal",
    "taxPrice": "76.00",
    "shippingPrice": "0.00",
    "totalPrice": "475.99",
    "isPaid": false,
    "paidAt": null,
    "isDelivered": false,
    "deliveredAt": null,
    "createdAt": "2021-04-26T02:16:54.717Z"
  }
},
{
  "model": "base.order",
  "pk": 93,
  "fields": {
    "user": [
      "bombito@gmail.com"
    ],
    "paymentMethod": "PayPal",
    "taxPrice": "9.50",
    "shippingPrice": "10.00",
    "totalPrice": "69.49",
    "isPaid": true,
    "paidAt": "2021-04-26T02:17:41.929Z",
    "isDelivered": true,
    "deliveredAt": "2021-05-02T23:16:32.109Z",
    "createdAt": "2021-04-26T02:17:15.574Z"
  }
},
{
  "model": "base.order",
  "pk": 94,
  "fields": {
    "user": [
      "bombito@gmail.com"
    ],
    "paymentMethod": "PayPal",
    "taxPrice": "9.50",
    "shippingPrice": "10.00",
    "totalPrice": "69.49",
    "isPaid": true,
    "paidAt": "2021-04-26T02:18:25.582Z",
    "isDelivered": false,
    "deliveredAt": null,
    "createdAt": "2021-04-26T02:18:03.266Z"
  }
},
{
  "model": "base.order",
  "pk": 95,
  "fields": {
    "user": [
      "dubdeb@gmail.com"
    ],
    "paymentMethod": "PayPal",
    "taxPrice": "176.70",
    "shippingPrice": "0.00",
    "totalPrice": "1106.69",
    "isPaid": true,
    "paidAt": "2021-04-26T02:19:29.123Z",
    "isDelivered": false,
    "deliveredAt": null,
    "createdAt": "2021-04-26T02:19:06.792Z"
  }
},
{
  "model": "base.order",
  "pk": 96,
  "fields": {
    "user": [
      "dubdeb@gmail.com"
    ],
    "paymentMethod": "PayPal",
    "taxPrice": "17.10",
    "shippingPrice": "10.00",
    "totalPrice": "117.09",
    "isPaid": true,
    "paidAt": "2021-04-26T02:20:21.132Z",
    "isDelivered": false,
    "deliveredAt": null,
    "createdAt": "2021-04-26T02:19:52.848Z"
  }
},
{
  "model": "base.order",
  "pk": 97,
  "fields": {
    "user": [
      "bbtvntrash@gmail.com"
    ],
    "paymentMethod": "PayPal",
    "taxPrice": "176.70",
    "shippingPrice": "0.00",
    "totalPrice": "1106.69",
    "isPaid": false,
    "paidAt": null,
    "isDelivered": false,
    "deliveredAt": null,
    "createdAt": "2021-06-10T21:40:25.099Z"
  }
},
{
  "model": "base.order",
  "pk": 98,
  "fields": {
    "user": [
      "laura_juana@email.com"
    ],
    "paymentMethod": "PayPal",
    "taxPrice": "10450.00",
    "shippingPrice": "0.00",
    "totalPrice": "65450.00",
    "isPaid": false,
    "paidAt": null,
    "isDelivered": false,
    "deliveredAt": null,
    "createdAt": "2021-06-11T03:08:11.531Z"
  }
},
{
  "model": "base.order",
  "pk": 99,
  "fields": {
    "user": [
      "laura_juana@email.com"
    ],
    "paymentMethod": "PayPal",
    "taxPrice": "10450.00",
    "shippingPrice": "0.00",
    "totalPrice": "65450.00",
    "isPaid": false,
    "paidAt": null,
    "isDelivered": false,
    "deliveredAt": null,
    "createdAt": "2021-06-11T03:12:48.221Z"
  }
},
{
  "model": "base.order",
  "pk": 100,
  "fields": {
    "user": [
      "laura_juana@email.com"
    ],
    "paymentMethod": "PayPal",
    "taxPrice": "1708.10",
    "shippingPrice": "0.00",
    "totalPrice": "10698.10",
    "isPaid": false,
    "paidAt": null,
    "isDelivered": false,
    "deliveredAt": null,
    "createdAt": "2021-06-11T03:15:26.344Z"
  }
},
{
  "model": "base.order",
  "pk": 101,
  "fields": {
    "user": [
      "laura_juana@email.com"
    ],
    "paymentMethod": "PayPal",
    "taxPrice": "0.00",
    "shippingPrice": "0.00",
    "totalPrice": "23800.00",
    "isPaid": false,
    "paidAt": null,
    "isDelivered": false,
    "deliveredAt": null,
    "createdAt": "2021-06-11T03:23:06.881Z"
  }
},
{
  "model": "base.order",
  "pk": 102,
  "fields": {
    "user": [
      "laura_juana@email.com"
    ],
    "paymentMethod": "PayPal",
    "taxPrice": "0.00",
    "shippingPrice": "0.00",
    "totalPrice": "8990.00",
    "isPaid": false,
    "paidAt": null,
    "isDelivered": false,
    "deliveredAt": null,
    "createdAt": "2021-06-11T03:27:02.968Z"
  }
},
{
  "model": "base.order",
  "pk": 103,
  "fields": {
    "user": [
      "laura_juana@email.com"
    ],
    "paymentMethod": "PayPal",
    "taxPrice": "0.00",
    "shippingPrice": "0.00",
    "totalPrice": "55000.00",
    "isPaid": false,
    "paidAt": null,
    "isDelivered": false,
    "deliveredAt": null,
    "createdAt": "2021-06-11T03:29:42.231Z"
  }
},
{
  "model": "base.order",
  "pk": 104,
  "fields": {
    "user": [
      "laura_juana@email.com"
    ],
    "paymentMethod": "PayPal",
    "taxPrice": "0.00",
    "shippingPrice": "0.00",
    "totalPrice": "8990.00",
    "isPaid": false,
    "paidAt": null,
    "isDelivered": false,
    "deliveredAt": null,
    "createdAt": "2021-06-11T03:40:45.625Z"
  }
},
{
  "model": "base.order",
  "pk": 105,
  "fields": {
    "user": [
      "laura_juana@email.com"
    ],
    "paymentMethod": "PayPal",
    "taxPrice": "0.00",
    "shippingPrice": "0.00",
    "totalPrice": "55000.00",
    "isPaid": false,
    "paidAt": null,
    "isDelivered": false,
    "deliveredAt": null,
    "createdAt": "2021-06-11T03:41:40.248Z"
  }
},
{
  "model": "base.order",
  "pk": 106,
  "fields": {
    "user": [
      "laura_juana@email.com"
    ],
    "paymentMethod": "PayPal",
    "taxPrice": "0.00",
    "shippingPrice": "0.00",
    "totalPrice": "2990000.00",
    "isPaid": false,
    "paidAt": null,
    "isDelivered": false,
    "deliveredAt": null,
    "createdAt": "2021-06-11T03:43:49.542Z"
  }
},
{
  "model": "base.order",
  "pk": 107,
  "fields": {
    "user": [
      "laura_juana@email.com"
    ],
    "paymentMethod": "PayPal",
    "taxPrice": "0.00",
    "shippingPrice": "0.00",
    "totalPrice": "899000.00",
    "isPaid": false,
    "paidAt": null,
    "isDelivered": false,
    "deliveredAt": null,
    "createdAt": "2021-06-11T03:44:52.619Z"
  }
},
{
  "model": "base.order",
  "pk": 108,
  "fields": {
    "user": [
      "laura_juana@email.com"
    ],
    "paymentMethod": "PayPal",
    "taxPrice": "0.00",
    "shippingPrice": "0.00",
    "totalPrice": "899000.00",
    "isPaid": false,
    "paidAt": null,
    "isDelivered": false,
    "deliveredAt": null,
    "createdAt": "2021-06-11T03:44:53.750Z"
  }
},
{
  "model": "base.order",
  "pk": 109,
  "fields": {
    "user": [
      "laura_juana@email.com"
    ],
    "paymentMethod": "PayPal",
    "taxPrice": "0.00",
    "shippingPrice": "0.00",
    "totalPrice": "119000.00",
    "isPaid": false,
    "paidAt": null,
    "isDelivered": false,
    "deliveredAt": null,
    "createdAt": "2021-06-11T03:46:27.523Z"
  }
},
{
  "model": "base.order",
  "pk": 110,
  "fields": {
    "user": [
      "laura_juana@email.com"
    ],
    "paymentMethod": "PayPal",
    "taxPrice": "0.00",
    "shippingPrice": "0.00",
    "totalPrice": "2990000.00",
    "isPaid": false,
    "paidAt": null,
    "isDelivered": false,
    "deliveredAt": null,
    "createdAt": "2021-06-11T03:46:44.107Z"
  }
},
{
  "model": "base.order",
  "pk": 111,
  "fields": {
    "user": [
      "laura_juana@email.com"
    ],
    "paymentMethod": "PayPal",
    "taxPrice": "0.00",
    "shippingPrice": "0.00",
    "totalPrice": "2990000.00",
    "isPaid": false,
    "paidAt": null,
    "isDelivered": false,
    "deliveredAt": null,
    "createdAt": "2021-06-11T03:46:44.720Z"
  }
},
{
  "model": "base.order",
  "pk": 112,
  "fields": {
    "user": [
      "laura_juana@email.com"
    ],
    "paymentMethod": "PayPal",
    "taxPrice": "0.00",
    "shippingPrice": "0.00",
    "totalPrice": "899000.00",
    "isPaid": false,
    "paidAt": null,
    "isDelivered": false,
    "deliveredAt": null,
    "createdAt": "2021-06-11T03:47:34.717Z"
  }
},
{
  "model": "base.orderitem",
  "pk": 124,
  "fields": {
    "product": null,
    "order": 80,
    "name": "Amazon Echo Dot 3rd Generation",
    "qty": 1,
    "price": "29.99",
    "image": "/images/alexa.jpg"
  }
},
{
  "model": "base.orderitem",
  "pk": 125,
  "fields": {
    "product": null,
    "order": 81,
    "name": "Amazon Echo Dot 3rd Generation",
    "qty": 1,
    "price": "29.99",
    "image": "/images/alexa.jpg"
  }
},
{
  "model": "base.orderitem",
  "pk": 126,
  "fields": {
    "product": null,
    "order": 82,
    "name": "iPhone 11 Pro 256GB Memory",
    "qty": 1,
    "price": "599.99",
    "image": "/images/phone.jpg"
  }
},
{
  "model": "base.orderitem",
  "pk": 127,
  "fields": {
    "product": null,
    "order": 83,
    "name": "Amazon Echo Dot 3rd Generation",
    "qty": 1,
    "price": "29.99",
    "image": "/images/alexa.jpg"
  }
},
{
  "model": "base.orderitem",
  "pk": 128,
  "fields": {
    "product": null,
    "order": 84,
    "name": "Sony Playstation 4 Pro White Version",
    "qty": 1,
    "price": "399.99",
    "image": "/images/playstation.jpg"
  }
},
{
  "model": "base.orderitem",
  "pk": 129,
  "fields": {
    "product": null,
    "order": 85,
    "name": "Amazon Echo Dot 3rd Generation",
    "qty": 1,
    "price": "29.99",
    "image": "/images/alexa.jpg"
  }
},
{
  "model": "base.orderitem",
  "pk": 130,
  "fields": {
    "product": null,
    "order": 86,
    "name": "Logitech G-Series Gaming Mouse",
    "qty": 1,
    "price": "49.99",
    "image": "/images/mouse.jpg"
  }
},
{
  "model": "base.orderitem",
  "pk": 131,
  "fields": {
    "product": null,
    "order": 87,
    "name": "Sony Playstation 4 Pro White Version",
    "qty": 1,
    "price": "399.99",
    "image": "/images/playstation.jpg"
  }
},
{
  "model": "base.orderitem",
  "pk": 132,
  "fields": {
    "product": null,
    "order": 88,
    "name": "Logitech G-Series Gaming Mouse",
    "qty": 1,
    "price": "49.99",
    "image": "/images/mouse.jpg"
  }
},
{
  "model": "base.orderitem",
  "pk": 133,
  "fields": {
    "product": null,
    "order": 89,
    "name": "Airpods Wireless Bluetooth Headphones",
    "qty": 1,
    "price": "89.99",
    "image": "/images/airpods.jpg"
  }
},
{
  "model": "base.orderitem",
  "pk": 134,
  "fields": {
    "product": null,
    "order": 90,
    "name": "Airpods Wireless Bluetooth Headphones",
    "qty": 1,
    "price": "89.99",
    "image": "/images/airpods.jpg"
  }
},
{
  "model": "base.orderitem",
  "pk": 135,
  "fields": {
    "product": null,
    "order": 91,
    "name": "iPhone 11 Pro 256GB Memory",
    "qty": 1,
    "price": "599.99",
    "image": "/images/phone.jpg"
  }
},
{
  "model": "base.orderitem",
  "pk": 136,
  "fields": {
    "product": null,
    "order": 92,
    "name": "Sony Playstation 4 Pro White Version",
    "qty": 1,
    "price": "399.99",
    "image": "/images/playstation.jpg"
  }
},
{
  "model": "base.orderitem",
  "pk": 137,
  "fields": {
    "product": null,
    "order": 93,
    "name": "Logitech G-Series Gaming Mouse",
    "qty": 1,
    "price": "49.99",
    "image": "/images/mouse.jpg"
  }
},
{
  "model": "base.orderitem",
  "pk": 138,
  "fields": {
    "product": null,
    "order": 94,
    "name": "Logitech G-Series Gaming Mouse",
    "qty": 1,
    "price": "49.99",
    "image": "/images/mouse.jpg"
  }
},
{
  "model": "base.orderitem",
  "pk": 139,
  "fields": {
    "product": null,
    "order": 95,
    "name": "Cannon EOS 80D DSLR Camera",
    "qty": 1,
    "price": "929.99",
    "image": "/images/camera.jpg"
  }
},
{
  "model": "base.orderitem",
  "pk": 140,
  "fields": {
    "product": null,
    "order": 96,
    "name": "Airpods Wireless Bluetooth Headphones",
    "qty": 1,
    "price": "89.99",
    "image": "/images/airpods.jpg"
  }
},
{
  "model": "base.orderitem",
  "pk": 141,
  "fields": {
    "product": null,
    "order": 97,
    "name": "Cannon EOS 80D DSLR Camera",
    "qty": 1,
    "price": "929.99",
    "image": "/images/camera.jpg"
  }
},
{
  "model": "base.orderitem",
  "pk": 142,
  "fields": {
    "product": 25,
    "order": 98,
    "name": "Body bar 6 kg",
    "qty": 1,
    "price": "55000.00",
    "image": "/images/body-bar-2kg.jpg"
  }
},
{
  "model": "base.orderitem",
  "pk": 143,
  "fields": {
    "product": 25,
    "order": 99,
    "name": "Body bar 6 kg",
    "qty": 1,
    "price": "55000.00",
    "image": "/images/body-bar-2kg.jpg"
  }
},
{
  "model": "base.orderitem",
  "pk": 144,
  "fields": {
    "product": 24,
    "order": 100,
    "name": "Dance pole giratorio de altura ajustable",
    "qty": 1,
    "price": "8990.00",
    "image": "/images/kit_pole.jpg"
  }
},
{
  "model": "base.orderitem",
  "pk": 145,
  "fields": {
    "product": 34,
    "order": 101,
    "name": "Cubo para yoga",
    "qty": 2,
    "price": "11900.00",
    "image": "/images/cubo-yoga.jpg"
  }
},
{
  "model": "base.orderitem",
  "pk": 146,
  "fields": {
    "product": 24,
    "order": 102,
    "name": "Dance pole giratorio de altura ajustable",
    "qty": 1,
    "price": "8990.00",
    "image": "/images/kit_pole.jpg"
  }
},
{
  "model": "base.orderitem",
  "pk": 147,
  "fields": {
    "product": 25,
    "order": 103,
    "name": "Body bar 6 kg",
    "qty": 1,
    "price": "55000.00",
    "image": "/images/body-bar-2kg.jpg"
  }
},
{
  "model": "base.orderitem",
  "pk": 148,
  "fields": {
    "product": 24,
    "order": 104,
    "name": "Dance pole giratorio de altura ajustable",
    "qty": 1,
    "price": "8990.00",
    "image": "/images/kit_pole.jpg"
  }
},
{
  "model": "base.orderitem",
  "pk": 149,
  "fields": {
    "product": 25,
    "order": 105,
    "name": "Body bar 6 kg",
    "qty": 1,
    "price": "55000.00",
    "image": "/images/body-bar-2kg.jpg"
  }
},
{
  "model": "base.orderitem",
  "pk": 150,
  "fields": {
    "product": 26,
    "order": 106,
    "name": "Stand Aereo",
    "qty": 1,
    "price": "2990000.00",
    "image": "/images/aereal-staand.jpg"
  }
},
{
  "model": "base.orderitem",
  "pk": 151,
  "fields": {
    "product": 24,
    "order": 107,
    "name": "Dance pole giratorio de altura ajustable",
    "qty": 1,
    "price": "899000.00",
    "image": "/images/kit_pole.jpg"
  }
},
{
  "model": "base.orderitem",
  "pk": 152,
  "fields": {
    "product": 24,
    "order": 108,
    "name": "Dance pole giratorio de altura ajustable",
    "qty": 1,
    "price": "899000.00",
    "image": "/images/kit_pole.jpg"
  }
},
{
  "model": "base.orderitem",
  "pk": 153,
  "fields": {
    "product": 36,
    "order": 109,
    "name": "Piso de espuma encajable",
    "qty": 1,
    "price": "119000.00",
    "image": "/images/piso-espuma.jpg"
  }
},
{
  "model": "base.orderitem",
  "pk": 154,
  "fields": {
    "product": 26,
    "order": 110,
    "name": "Stand Aereo",
    "qty": 1,
    "price": "2990000.00",
    "image": "/images/aereal-staand.jpg"
  }
},
{
  "model": "base.orderitem",
  "pk": 155,
  "fields": {
    "product": 26,
    "order": 111,
    "name": "Stand Aereo",
    "qty": 1,
    "price": "2990000.00",
    "image": "/images/aereal-staand.jpg"
  }
},
{
  "model": "base.orderitem",
  "pk": 156,
  "fields": {
    "product": 24,
    "order": 112,
    "name": "Dance pole giratorio de altura ajustable",
    "qty": 1,
    "price": "899000.00",
    "image": "/images/kit_pole.jpg"
  }
},
{
  "model": "base.shippingaddress",
  "pk": 76,
  "fields": {
    "order": 80,
    "address": "Dg 81 B #76 123 ",
    "city": "Dg 81 B #76 123 ",
    "postalCode": "Dg 81 B #76 123 ",
    "country": null,
    "shippingPrice": null
  }
},
{
  "model": "base.shippingaddress",
  "pk": 77,
  "fields": {
    "order": 81,
    "address": "Dg 81 B #76 123 ",
    "city": "Dg 81 B #76 123 ",
    "postalCode": "Dg 81 B #76 123 ",
    "country": null,
    "shippingPrice": null
  }
},
{
  "model": "base.shippingaddress",
  "pk": 78,
  "fields": {
    "order": 82,
    "address": "Dg 81 B #76 123 ",
    "city": "Dg 81 B #76 123 ",
    "postalCode": "Dg 81 B #76 123 ",
    "country": null,
    "shippingPrice": null
  }
},
{
  "model": "base.shippingaddress",
  "pk": 79,
  "fields": {
    "order": 83,
    "address": "Dg 81 B #76 123 ",
    "city": "Dg 81 B #76 123 ",
    "postalCode": "Dg 81 B #76 123 ",
    "country": null,
    "shippingPrice": null
  }
},
{
  "model": "base.shippingaddress",
  "pk": 80,
  "fields": {
    "order": 84,
    "address": "Dg 81 B #76 123 ",
    "city": "Dg 81 B #76 123 ",
    "postalCode": "Dg 81 B #76 123 ",
    "country": null,
    "shippingPrice": null
  }
},
{
  "model": "base.shippingaddress",
  "pk": 81,
  "fields": {
    "order": 85,
    "address": "Dg 81 B #76 123 ",
    "city": "Dg 81 B #76 123 ",
    "postalCode": "Dg 81 B #76 123 ",
    "country": null,
    "shippingPrice": null
  }
},
{
  "model": "base.shippingaddress",
  "pk": 82,
  "fields": {
    "order": 86,
    "address": "Dg 81 B #76 123 ",
    "city": "Dg 81 B #76 123 ",
    "postalCode": "Dg 81 B #76 123 ",
    "country": null,
    "shippingPrice": null
  }
},
{
  "model": "base.shippingaddress",
  "pk": 83,
  "fields": {
    "order": 87,
    "address": "Dg 81 B #76 123 ",
    "city": "Dg 81 B #76 123 ",
    "postalCode": "Dg 81 B #76 123 ",
    "country": null,
    "shippingPrice": null
  }
},
{
  "model": "base.shippingaddress",
  "pk": 84,
  "fields": {
    "order": 88,
    "address": "Dg 81 B #76 123 ",
    "city": "Dg 81 B #76 123 ",
    "postalCode": "Dg 81 B #76 123 ",
    "country": null,
    "shippingPrice": null
  }
},
{
  "model": "base.shippingaddress",
  "pk": 85,
  "fields": {
    "order": 89,
    "address": "Dg 81 B #76 123 ",
    "city": "Dg 81 B #76 123 ",
    "postalCode": "Dg 81 B #76 123 ",
    "country": null,
    "shippingPrice": null
  }
},
{
  "model": "base.shippingaddress",
  "pk": 86,
  "fields": {
    "order": 90,
    "address": "Dg 81 B #76 123 ",
    "city": "Dg 81 B #76 123 ",
    "postalCode": "Dg 81 B #76 123 ",
    "country": null,
    "shippingPrice": null
  }
},
{
  "model": "base.shippingaddress",
  "pk": 87,
  "fields": {
    "order": 91,
    "address": "Dg 81 B #76 123 ",
    "city": "Dg 81 B #76 123 ",
    "postalCode": "Dg 81 B #76 123 ",
    "country": null,
    "shippingPrice": null
  }
},
{
  "model": "base.shippingaddress",
  "pk": 88,
  "fields": {
    "order": 92,
    "address": "Dg 81 B #76 123 ",
    "city": "Dg 81 B #76 123 ",
    "postalCode": "Dg 81 B #76 123 ",
    "country": null,
    "shippingPrice": null
  }
},
{
  "model": "base.shippingaddress",
  "pk": 89,
  "fields": {
    "order": 93,
    "address": "Dg 81 B #76 123 ",
    "city": "Dg 81 B #76 123 ",
    "postalCode": "Dg 81 B #76 123 ",
    "country": null,
    "shippingPrice": null
  }
},
{
  "model": "base.shippingaddress",
  "pk": 90,
  "fields": {
    "order": 94,
    "address": "Dg 81 B #76 123 ",
    "city": "Dg 81 B #76 123 ",
    "postalCode": "Dg 81 B #76 123 ",
    "country": null,
    "shippingPrice": null
  }
},
{
  "model": "base.shippingaddress",
  "pk": 91,
  "fields": {
    "order": 95,
    "address": "Dg 81 B #76 123 ",
    "city": "Dg 81 B #76 123 ",
    "postalCode": "Dg 81 B #76 123 ",
    "country": null,
    "shippingPrice": null
  }
},
{
  "model": "base.shippingaddress",
  "pk": 92,
  "fields": {
    "order": 96,
    "address": "Dg 81 B #76 123 ",
    "city": "Dg 81 B #76 123 ",
    "postalCode": "Dg 81 B #76 123 ",
    "country": null,
    "shippingPrice": null
  }
},
{
  "model": "base.shippingaddress",
  "pk": 93,
  "fields": {
    "order": 97,
    "address": "Dg 81 B #76 123 ",
    "city": "Dg 81 B #76 123 ",
    "postalCode": "Dg 81 B #76 123 ",
    "country": null,
    "shippingPrice": null
  }
},
{
  "model": "base.shippingaddress",
  "pk": 94,
  "fields": {
    "order": 98,
    "address": "Dg 81 B #76 123 ",
    "city": "Dg 81 B #76 123 ",
    "postalCode": "Dg 81 B #76 123 ",
    "country": null,
    "shippingPrice": null
  }
},
{
  "model": "base.shippingaddress",
  "pk": 95,
  "fields": {
    "order": 99,
    "address": "Dg 81 B #76 123 ",
    "city": "Dg 81 B #76 123 ",
    "postalCode": "Dg 81 B #76 123 ",
    "country": null,
    "shippingPrice": null
  }
},
{
  "model": "base.shippingaddress",
  "pk": 96,
  "fields": {
    "order": 100,
    "address": "Dg 81 B #76 123 ",
    "city": "Dg 81 B #76 123 ",
    "postalCode": "Dg 81 B #76 123 ",
    "country": null,
    "shippingPrice": null
  }
},
{
  "model": "base.shippingaddress",
  "pk": 97,
  "fields": {
    "order": 101,
    "address": "Dg 81 B #76 123 ",
    "city": "Dg 81 B #76 123 ",
    "postalCode": "Dg 81 B #76 123 ",
    "country": null,
    "shippingPrice": null
  }
},
{
  "model": "base.shippingaddress",
  "pk": 98,
  "fields": {
    "order": 102,
    "address": "Dg 81 B #76 123 ",
    "city": "Dg 81 B #76 123 ",
    "postalCode": "Dg 81 B #76 123 ",
    "country": null,
    "shippingPrice": null
  }
},
{
  "model": "base.shippingaddress",
  "pk": 99,
  "fields": {
    "order": 103,
    "address": "Dg 81 B #76 123 ",
    "city": "Dg 81 B #76 123 ",
    "postalCode": "Dg 81 B #76 123 ",
    "country": null,
    "shippingPrice": null
  }
},
{
  "model": "base.shippingaddress",
  "pk": 100,
  "fields": {
    "order": 104,
    "address": "Dg 81 B #76 123 ",
    "city": "Dg 81 B #76 123 ",
    "postalCode": "Dg 81 B #76 123 ",
    "country": null,
    "shippingPrice": null
  }
},
{
  "model": "base.shippingaddress",
  "pk": 101,
  "fields": {
    "order": 105,
    "address": "Dg 81 B #76 123 ",
    "city": "Dg 81 B #76 123 ",
    "postalCode": "Dg 81 B #76 123 ",
    "country": null,
    "shippingPrice": null
  }
},
{
  "model": "base.shippingaddress",
  "pk": 102,
  "fields": {
    "order": 106,
    "address": "Dg 81 B #76 123 ",
    "city": "Dg 81 B #76 123 ",
    "postalCode": "Dg 81 B #76 123 ",
    "country": null,
    "shippingPrice": null
  }
},
{
  "model": "base.shippingaddress",
  "pk": 103,
  "fields": {
    "order": 107,
    "address": "Dg 81 B #76 123 ",
    "city": "Dg 81 B #76 123 ",
    "postalCode": "Dg 81 B #76 123 ",
    "country": null,
    "shippingPrice": null
  }
},
{
  "model": "base.shippingaddress",
  "pk": 104,
  "fields": {
    "order": 108,
    "address": "Dg 81 B #76 123 ",
    "city": "Dg 81 B #76 123 ",
    "postalCode": "Dg 81 B #76 123 ",
    "country": null,
    "shippingPrice": null
  }
},
{
  "model": "base.shippingaddress",
  "pk": 105,
  "fields": {
    "order": 109,
    "address": "Dg 81 B #76 123 ",
    "city": "Dg 81 B #76 123 ",
    "postalCode": "Dg 81 B #76 123 ",
    "country": null,
    "shippingPrice": null
  }
},
{
  "model": "base.shippingaddress",
  "pk": 106,
  "fields": {
    "order": 110,
    "address": "Dg 81 B #76 123 ",
    "city": "Dg 81 B #76 123 ",
    "postalCode": "Dg 81 B #76 123 ",
    "country": null,
    "shippingPrice": null
  }
},
{
  "model": "base.shippingaddress",
  "pk": 107,
  "fields": {
    "order": 111,
    "address": "Dg 81 B #76 123 ",
    "city": "Dg 81 B #76 123 ",
    "postalCode": "Dg 81 B #76 123 ",
    "country": null,
    "shippingPrice": null
  }
},
{
  "model": "base.shippingaddress",
  "pk": 108,
  "fields": {
    "order": 112,
    "address": "Dg 81 B #76 123 ",
    "city": "Dg 81 B #76 123 ",
    "postalCode": "Dg 81 B #76 123 ",
    "country": null,
    "shippingPrice": null
  }
},
{
  "model": "admin.logentry",
  "pk": 1,
  "fields": {
    "action_time": "2021-04-12T01:11:27.469Z",
    "user": [
      "bbtvntrash@gmail.com"
    ],
    "content_type": [
      "auth",
      "user"
    ],
    "object_id": "1",
    "object_repr": "bbtvn",
    "action_flag": 2,
    "change_message": "[{\"changed\": {\"fields\": [\"Email address\"]}}]"
  }
},
{
  "model": "admin.logentry",
  "pk": 2,
  "fields": {
    "action_time": "2021-04-12T01:51:05.411Z",
    "user": [
      "bbtvntrash@gmail.com"
    ],
    "content_type": [
      "base",
      "product"
    ],
    "object_id": "1",
    "object_repr": "Product object (1)",
    "action_flag": 1,
    "change_message": "[{\"added\": {}}]"
  }
},
{
  "model": "admin.logentry",
  "pk": 3,
  "fields": {
    "action_time": "2021-04-13T02:42:55.496Z",
    "user": [
      "bbtvntrash@gmail.com"
    ],
    "content_type": [
      "base",
      "product"
    ],
    "object_id": "2",
    "object_repr": "iPhone 11 Pro 256GB Memory",
    "action_flag": 1,
    "change_message": "[{\"added\": {}}]"
  }
},
{
  "model": "admin.logentry",
  "pk": 4,
  "fields": {
    "action_time": "2021-04-13T02:44:08.150Z",
    "user": [
      "bbtvntrash@gmail.com"
    ],
    "content_type": [
      "base",
      "product"
    ],
    "object_id": "3",
    "object_repr": "Cannon EOS 80D DSLR Camera",
    "action_flag": 1,
    "change_message": "[{\"added\": {}}]"
  }
},
{
  "model": "admin.logentry",
  "pk": 5,
  "fields": {
    "action_time": "2021-04-13T02:45:24.832Z",
    "user": [
      "bbtvntrash@gmail.com"
    ],
    "content_type": [
      "base",
      "product"
    ],
    "object_id": "4",
    "object_repr": "Sony Playstation 4 Pro White Version",
    "action_flag": 1,
    "change_message": "[{\"added\": {}}]"
  }
},
{
  "model": "admin.logentry",
  "pk": 6,
  "fields": {
    "action_time": "2021-04-13T02:46:49.127Z",
    "user": [
      "bbtvntrash@gmail.com"
    ],
    "content_type": [
      "base",
      "product"
    ],
    "object_id": "5",
    "object_repr": "Logitech G-Series Gaming Mouse",
    "action_flag": 1,
    "change_message": "[{\"added\": {}}]"
  }
},
{
  "model": "admin.logentry",
  "pk": 7,
  "fields": {
    "action_time": "2021-04-13T02:50:19.042Z",
    "user": [
      "bbtvntrash@gmail.com"
    ],
    "content_type": [
      "base",
      "product"
    ],
    "object_id": "6",
    "object_repr": "49.99",
    "action_flag": 1,
    "change_message": "[{\"added\": {}}]"
  }
},
{
  "model": "admin.logentry",
  "pk": 8,
  "fields": {
    "action_time": "2021-04-13T02:58:49.302Z",
    "user": [
      "bbtvntrash@gmail.com"
    ],
    "content_type": [
      "base",
      "product"
    ],
    "object_id": "6",
    "object_repr": "Amazon Echo Dot 3rd Generation",
    "action_flag": 2,
    "change_message": "[{\"changed\": {\"fields\": [\"Name\", \"Image\"]}}]"
  }
},
{
  "model": "admin.logentry",
  "pk": 9,
  "fields": {
    "action_time": "2021-04-13T02:59:06.636Z",
    "user": [
      "bbtvntrash@gmail.com"
    ],
    "content_type": [
      "base",
      "product"
    ],
    "object_id": "1",
    "object_repr": "Airpods Wireless Bluetooth Headphones",
    "action_flag": 2,
    "change_message": "[{\"changed\": {\"fields\": [\"Image\"]}}]"
  }
},
{
  "model": "admin.logentry",
  "pk": 10,
  "fields": {
    "action_time": "2021-04-14T03:00:29.123Z",
    "user": [
      "bbtvntrash@gmail.com"
    ],
    "content_type": [
      "base",
      "product"
    ],
    "object_id": "1",
    "object_repr": "Airpods Wireless Bluetooth Headphones",
    "action_flag": 2,
    "change_message": "[{\"changed\": {\"fields\": [\"CountInStock\"]}}]"
  }
},
{
  "model": "admin.logentry",
  "pk": 11,
  "fields": {
    "action_time": "2021-04-16T00:39:56.396Z",
    "user": [
      "bbtvntrash@gmail.com"
    ],
    "content_type": [
      "auth",
      "user"
    ],
    "object_id": "2",
    "object_repr": "baluet",
    "action_flag": 1,
    "change_message": "[{\"added\": {}}]"
  }
},
{
  "model": "admin.logentry",
  "pk": 12,
  "fields": {
    "action_time": "2021-04-16T00:40:40.809Z",
    "user": [
      "bbtvntrash@gmail.com"
    ],
    "content_type": [
      "auth",
      "user"
    ],
    "object_id": "2",
    "object_repr": "baluet",
    "action_flag": 2,
    "change_message": "[{\"changed\": {\"fields\": [\"First name\", \"Email address\"]}}]"
  }
},
{
  "model": "admin.logentry",
  "pk": 13,
  "fields": {
    "action_time": "2021-04-16T01:35:34.587Z",
    "user": [
      "bbtvntrash@gmail.com"
    ],
    "content_type": [
      "auth",
      "user"
    ],
    "object_id": "1",
    "object_repr": "bbtvn",
    "action_flag": 2,
    "change_message": "[{\"changed\": {\"fields\": [\"First name\"]}}]"
  }
},
{
  "model": "admin.logentry",
  "pk": 14,
  "fields": {
    "action_time": "2021-04-16T12:41:27.855Z",
    "user": [
      "bbtvntrash@gmail.com"
    ],
    "content_type": [
      "auth",
      "user"
    ],
    "object_id": "5",
    "object_repr": "john_1@email.com",
    "action_flag": 2,
    "change_message": "[{\"changed\": {\"fields\": [\"First name\"]}}]"
  }
},
{
  "model": "admin.logentry",
  "pk": 15,
  "fields": {
    "action_time": "2021-04-16T12:43:24.491Z",
    "user": [
      "bbtvntrash@gmail.com"
    ],
    "content_type": [
      "auth",
      "user"
    ],
    "object_id": "3",
    "object_repr": "john@email.com",
    "action_flag": 2,
    "change_message": "[{\"changed\": {\"fields\": [\"Username\"]}}]"
  }
},
{
  "model": "admin.logentry",
  "pk": 16,
  "fields": {
    "action_time": "2021-04-18T00:59:43.469Z",
    "user": [
      "bbtvntrash@gmail.com"
    ],
    "content_type": [
      "auth",
      "user"
    ],
    "object_id": "3",
    "object_repr": "john@email.com",
    "action_flag": 3,
    "change_message": ""
  }
},
{
  "model": "admin.logentry",
  "pk": 17,
  "fields": {
    "action_time": "2021-04-18T00:59:43.603Z",
    "user": [
      "bbtvntrash@gmail.com"
    ],
    "content_type": [
      "auth",
      "user"
    ],
    "object_id": "5",
    "object_repr": "john_1@email.com",
    "action_flag": 3,
    "change_message": ""
  }
},
{
  "model": "admin.logentry",
  "pk": 18,
  "fields": {
    "action_time": "2021-04-18T00:59:43.713Z",
    "user": [
      "bbtvntrash@gmail.com"
    ],
    "content_type": [
      "auth",
      "user"
    ],
    "object_id": "4",
    "object_repr": "john_@email.com",
    "action_flag": 3,
    "change_message": ""
  }
},
{
  "model": "admin.logentry",
  "pk": 19,
  "fields": {
    "action_time": "2021-04-18T01:00:12.304Z",
    "user": [
      "bbtvntrash@gmail.com"
    ],
    "content_type": [
      "auth",
      "user"
    ],
    "object_id": "6",
    "object_repr": "bombito@gmail.com",
    "action_flag": 1,
    "change_message": "[{\"added\": {}}]"
  }
},
{
  "model": "admin.logentry",
  "pk": 20,
  "fields": {
    "action_time": "2021-04-18T02:27:22.854Z",
    "user": [
      "bbtvntrash@gmail.com"
    ],
    "content_type": [
      "auth",
      "user"
    ],
    "object_id": "6",
    "object_repr": "bombito@gmail.com",
    "action_flag": 2,
    "change_message": "[{\"changed\": {\"fields\": [\"First name\"]}}]"
  }
},
{
  "model": "admin.logentry",
  "pk": 21,
  "fields": {
    "action_time": "2021-04-18T02:30:37.553Z",
    "user": [
      "bbtvntrash@gmail.com"
    ],
    "content_type": [
      "auth",
      "user"
    ],
    "object_id": "7",
    "object_repr": "dubdeb@gmail.com",
    "action_flag": 1,
    "change_message": "[{\"added\": {}}]"
  }
},
{
  "model": "admin.logentry",
  "pk": 22,
  "fields": {
    "action_time": "2021-04-18T02:30:46.862Z",
    "user": [
      "bbtvntrash@gmail.com"
    ],
    "content_type": [
      "auth",
      "user"
    ],
    "object_id": "7",
    "object_repr": "dubdeb@gmail.com",
    "action_flag": 2,
    "change_message": "[{\"changed\": {\"fields\": [\"First name\"]}}]"
  }
},
{
  "model": "admin.logentry",
  "pk": 23,
  "fields": {
    "action_time": "2021-04-18T19:03:35.351Z",
    "user": [
      "bbtvntrash@gmail.com"
    ],
    "content_type": [
      "auth",
      "user"
    ],
    "object_id": "2",
    "object_repr": "camiloxj2@gmail.com",
    "action_flag": 2,
    "change_message": "[{\"changed\": {\"fields\": [\"Username\", \"Last name\"]}}]"
  }
},
{
  "model": "admin.logentry",
  "pk": 24,
  "fields": {
    "action_time": "2021-04-24T03:21:39.882Z",
    "user": [
      "bbtvntrash@gmail.com"
    ],
    "content_type": [
      "base",
      "order"
    ],
    "object_id": "50",
    "object_repr": "2021-04-24 03:08:38.272538+00:00",
    "action_flag": 3,
    "change_message": ""
  }
},
{
  "model": "admin.logentry",
  "pk": 25,
  "fields": {
    "action_time": "2021-04-24T03:21:40.016Z",
    "user": [
      "bbtvntrash@gmail.com"
    ],
    "content_type": [
      "base",
      "order"
    ],
    "object_id": "49",
    "object_repr": "2021-04-24 03:03:41.867988+00:00",
    "action_flag": 3,
    "change_message": ""
  }
},
{
  "model": "admin.logentry",
  "pk": 26,
  "fields": {
    "action_time": "2021-04-24T03:21:40.157Z",
    "user": [
      "bbtvntrash@gmail.com"
    ],
    "content_type": [
      "base",
      "order"
    ],
    "object_id": "48",
    "object_repr": "2021-04-24 03:03:40.996660+00:00",
    "action_flag": 3,
    "change_message": ""
  }
},
{
  "model": "admin.logentry",
  "pk": 27,
  "fields": {
    "action_time": "2021-04-24T03:21:40.257Z",
    "user": [
      "bbtvntrash@gmail.com"
    ],
    "content_type": [
      "base",
      "order"
    ],
    "object_id": "47",
    "object_repr": "2021-04-24 03:02:44.582289+00:00",
    "action_flag": 3,
    "change_message": ""
  }
},
{
  "model": "admin.logentry",
  "pk": 28,
  "fields": {
    "action_time": "2021-04-24T03:21:40.350Z",
    "user": [
      "bbtvntrash@gmail.com"
    ],
    "content_type": [
      "base",
      "order"
    ],
    "object_id": "46",
    "object_repr": "2021-04-24 02:29:54.444848+00:00",
    "action_flag": 3,
    "change_message": ""
  }
},
{
  "model": "admin.logentry",
  "pk": 29,
  "fields": {
    "action_time": "2021-04-24T03:21:40.449Z",
    "user": [
      "bbtvntrash@gmail.com"
    ],
    "content_type": [
      "base",
      "order"
    ],
    "object_id": "45",
    "object_repr": "2021-04-24 02:29:53.193891+00:00",
    "action_flag": 3,
    "change_message": ""
  }
},
{
  "model": "admin.logentry",
  "pk": 30,
  "fields": {
    "action_time": "2021-04-24T03:21:40.549Z",
    "user": [
      "bbtvntrash@gmail.com"
    ],
    "content_type": [
      "base",
      "order"
    ],
    "object_id": "44",
    "object_repr": "2021-04-24 02:29:26.069709+00:00",
    "action_flag": 3,
    "change_message": ""
  }
},
{
  "model": "admin.logentry",
  "pk": 31,
  "fields": {
    "action_time": "2021-04-24T03:21:40.649Z",
    "user": [
      "bbtvntrash@gmail.com"
    ],
    "content_type": [
      "base",
      "order"
    ],
    "object_id": "43",
    "object_repr": "2021-04-24 02:29:25.022033+00:00",
    "action_flag": 3,
    "change_message": ""
  }
},
{
  "model": "admin.logentry",
  "pk": 32,
  "fields": {
    "action_time": "2021-04-24T03:21:40.756Z",
    "user": [
      "bbtvntrash@gmail.com"
    ],
    "content_type": [
      "base",
      "order"
    ],
    "object_id": "42",
    "object_repr": "2021-04-24 02:29:00.313793+00:00",
    "action_flag": 3,
    "change_message": ""
  }
},
{
  "model": "admin.logentry",
  "pk": 33,
  "fields": {
    "action_time": "2021-04-24T03:21:40.860Z",
    "user": [
      "bbtvntrash@gmail.com"
    ],
    "content_type": [
      "base",
      "order"
    ],
    "object_id": "41",
    "object_repr": "2021-04-24 02:09:57.102827+00:00",
    "action_flag": 3,
    "change_message": ""
  }
},
{
  "model": "admin.logentry",
  "pk": 34,
  "fields": {
    "action_time": "2021-04-24T03:21:40.949Z",
    "user": [
      "bbtvntrash@gmail.com"
    ],
    "content_type": [
      "base",
      "order"
    ],
    "object_id": "40",
    "object_repr": "2021-04-24 02:09:56.361043+00:00",
    "action_flag": 3,
    "change_message": ""
  }
},
{
  "model": "admin.logentry",
  "pk": 35,
  "fields": {
    "action_time": "2021-04-24T03:21:41.037Z",
    "user": [
      "bbtvntrash@gmail.com"
    ],
    "content_type": [
      "base",
      "order"
    ],
    "object_id": "39",
    "object_repr": "2021-04-24 02:09:55.314104+00:00",
    "action_flag": 3,
    "change_message": ""
  }
},
{
  "model": "admin.logentry",
  "pk": 36,
  "fields": {
    "action_time": "2021-04-24T03:21:41.137Z",
    "user": [
      "bbtvntrash@gmail.com"
    ],
    "content_type": [
      "base",
      "order"
    ],
    "object_id": "38",
    "object_repr": "2021-04-24 01:55:18.704104+00:00",
    "action_flag": 3,
    "change_message": ""
  }
},
{
  "model": "admin.logentry",
  "pk": 37,
  "fields": {
    "action_time": "2021-04-24T03:21:41.236Z",
    "user": [
      "bbtvntrash@gmail.com"
    ],
    "content_type": [
      "base",
      "order"
    ],
    "object_id": "37",
    "object_repr": "2021-04-24 01:43:25.455473+00:00",
    "action_flag": 3,
    "change_message": ""
  }
},
{
  "model": "admin.logentry",
  "pk": 38,
  "fields": {
    "action_time": "2021-04-24T03:21:41.336Z",
    "user": [
      "bbtvntrash@gmail.com"
    ],
    "content_type": [
      "base",
      "order"
    ],
    "object_id": "36",
    "object_repr": "2021-04-24 01:43:24.457458+00:00",
    "action_flag": 3,
    "change_message": ""
  }
},
{
  "model": "admin.logentry",
  "pk": 39,
  "fields": {
    "action_time": "2021-04-24T03:21:41.436Z",
    "user": [
      "bbtvntrash@gmail.com"
    ],
    "content_type": [
      "base",
      "order"
    ],
    "object_id": "35",
    "object_repr": "2021-04-24 01:37:16.633711+00:00",
    "action_flag": 3,
    "change_message": ""
  }
},
{
  "model": "admin.logentry",
  "pk": 40,
  "fields": {
    "action_time": "2021-04-24T03:21:41.536Z",
    "user": [
      "bbtvntrash@gmail.com"
    ],
    "content_type": [
      "base",
      "order"
    ],
    "object_id": "34",
    "object_repr": "2021-04-24 01:37:15.709625+00:00",
    "action_flag": 3,
    "change_message": ""
  }
},
{
  "model": "admin.logentry",
  "pk": 41,
  "fields": {
    "action_time": "2021-04-24T03:21:41.636Z",
    "user": [
      "bbtvntrash@gmail.com"
    ],
    "content_type": [
      "base",
      "order"
    ],
    "object_id": "33",
    "object_repr": "2021-04-24 01:36:57.738418+00:00",
    "action_flag": 3,
    "change_message": ""
  }
},
{
  "model": "admin.logentry",
  "pk": 42,
  "fields": {
    "action_time": "2021-04-24T03:21:41.755Z",
    "user": [
      "bbtvntrash@gmail.com"
    ],
    "content_type": [
      "base",
      "order"
    ],
    "object_id": "32",
    "object_repr": "2021-04-24 01:36:56.851801+00:00",
    "action_flag": 3,
    "change_message": ""
  }
},
{
  "model": "admin.logentry",
  "pk": 43,
  "fields": {
    "action_time": "2021-04-24T03:21:41.858Z",
    "user": [
      "bbtvntrash@gmail.com"
    ],
    "content_type": [
      "base",
      "order"
    ],
    "object_id": "31",
    "object_repr": "2021-04-24 01:34:13.602392+00:00",
    "action_flag": 3,
    "change_message": ""
  }
},
{
  "model": "admin.logentry",
  "pk": 44,
  "fields": {
    "action_time": "2021-04-24T03:21:41.970Z",
    "user": [
      "bbtvntrash@gmail.com"
    ],
    "content_type": [
      "base",
      "order"
    ],
    "object_id": "30",
    "object_repr": "2021-04-24 01:34:12.715677+00:00",
    "action_flag": 3,
    "change_message": ""
  }
},
{
  "model": "admin.logentry",
  "pk": 45,
  "fields": {
    "action_time": "2021-04-24T03:21:42.058Z",
    "user": [
      "bbtvntrash@gmail.com"
    ],
    "content_type": [
      "base",
      "order"
    ],
    "object_id": "29",
    "object_repr": "2021-04-24 01:33:05.239347+00:00",
    "action_flag": 3,
    "change_message": ""
  }
},
{
  "model": "admin.logentry",
  "pk": 46,
  "fields": {
    "action_time": "2021-04-24T03:21:42.165Z",
    "user": [
      "bbtvntrash@gmail.com"
    ],
    "content_type": [
      "base",
      "order"
    ],
    "object_id": "28",
    "object_repr": "2021-04-24 01:33:04.411624+00:00",
    "action_flag": 3,
    "change_message": ""
  }
},
{
  "model": "admin.logentry",
  "pk": 47,
  "fields": {
    "action_time": "2021-04-24T03:21:42.258Z",
    "user": [
      "bbtvntrash@gmail.com"
    ],
    "content_type": [
      "base",
      "order"
    ],
    "object_id": "27",
    "object_repr": "2021-04-24 01:29:39.162015+00:00",
    "action_flag": 3,
    "change_message": ""
  }
},
{
  "model": "admin.logentry",
  "pk": 48,
  "fields": {
    "action_time": "2021-04-24T03:21:42.346Z",
    "user": [
      "bbtvntrash@gmail.com"
    ],
    "content_type": [
      "base",
      "order"
    ],
    "object_id": "26",
    "object_repr": "2021-04-24 01:21:59.802550+00:00",
    "action_flag": 3,
    "change_message": ""
  }
},
{
  "model": "admin.logentry",
  "pk": 49,
  "fields": {
    "action_time": "2021-04-24T03:21:42.457Z",
    "user": [
      "bbtvntrash@gmail.com"
    ],
    "content_type": [
      "base",
      "order"
    ],
    "object_id": "25",
    "object_repr": "2021-04-24 01:11:52.423946+00:00",
    "action_flag": 3,
    "change_message": ""
  }
},
{
  "model": "admin.logentry",
  "pk": 50,
  "fields": {
    "action_time": "2021-04-24T03:21:42.553Z",
    "user": [
      "bbtvntrash@gmail.com"
    ],
    "content_type": [
      "base",
      "order"
    ],
    "object_id": "24",
    "object_repr": "2021-04-24 01:11:51.592012+00:00",
    "action_flag": 3,
    "change_message": ""
  }
},
{
  "model": "admin.logentry",
  "pk": 51,
  "fields": {
    "action_time": "2021-04-24T03:21:42.678Z",
    "user": [
      "bbtvntrash@gmail.com"
    ],
    "content_type": [
      "base",
      "order"
    ],
    "object_id": "23",
    "object_repr": "2021-04-24 00:56:04.363669+00:00",
    "action_flag": 3,
    "change_message": ""
  }
},
{
  "model": "admin.logentry",
  "pk": 52,
  "fields": {
    "action_time": "2021-04-24T03:21:42.813Z",
    "user": [
      "bbtvntrash@gmail.com"
    ],
    "content_type": [
      "base",
      "order"
    ],
    "object_id": "22",
    "object_repr": "2021-04-24 00:56:03.582558+00:00",
    "action_flag": 3,
    "change_message": ""
  }
},
{
  "model": "admin.logentry",
  "pk": 53,
  "fields": {
    "action_time": "2021-04-24T03:21:42.912Z",
    "user": [
      "bbtvntrash@gmail.com"
    ],
    "content_type": [
      "base",
      "order"
    ],
    "object_id": "21",
    "object_repr": "2021-04-24 00:54:51.403571+00:00",
    "action_flag": 3,
    "change_message": ""
  }
},
{
  "model": "admin.logentry",
  "pk": 54,
  "fields": {
    "action_time": "2021-04-24T03:21:43.023Z",
    "user": [
      "bbtvntrash@gmail.com"
    ],
    "content_type": [
      "base",
      "order"
    ],
    "object_id": "20",
    "object_repr": "2021-04-24 00:54:50.077543+00:00",
    "action_flag": 3,
    "change_message": ""
  }
},
{
  "model": "admin.logentry",
  "pk": 55,
  "fields": {
    "action_time": "2021-04-24T03:21:43.123Z",
    "user": [
      "bbtvntrash@gmail.com"
    ],
    "content_type": [
      "base",
      "order"
    ],
    "object_id": "19",
    "object_repr": "2021-04-24 00:43:26.473557+00:00",
    "action_flag": 3,
    "change_message": ""
  }
},
{
  "model": "admin.logentry",
  "pk": 56,
  "fields": {
    "action_time": "2021-04-24T03:21:43.234Z",
    "user": [
      "bbtvntrash@gmail.com"
    ],
    "content_type": [
      "base",
      "order"
    ],
    "object_id": "18",
    "object_repr": "2021-04-24 00:43:25.680517+00:00",
    "action_flag": 3,
    "change_message": ""
  }
},
{
  "model": "admin.logentry",
  "pk": 57,
  "fields": {
    "action_time": "2021-04-24T03:21:43.371Z",
    "user": [
      "bbtvntrash@gmail.com"
    ],
    "content_type": [
      "base",
      "order"
    ],
    "object_id": "17",
    "object_repr": "2021-04-24 00:41:29.157374+00:00",
    "action_flag": 3,
    "change_message": ""
  }
},
{
  "model": "admin.logentry",
  "pk": 58,
  "fields": {
    "action_time": "2021-04-24T03:21:43.999Z",
    "user": [
      "bbtvntrash@gmail.com"
    ],
    "content_type": [
      "base",
      "order"
    ],
    "object_id": "16",
    "object_repr": "2021-04-24 00:40:17.101808+00:00",
    "action_flag": 3,
    "change_message": ""
  }
},
{
  "model": "admin.logentry",
  "pk": 59,
  "fields": {
    "action_time": "2021-04-24T03:21:44.121Z",
    "user": [
      "bbtvntrash@gmail.com"
    ],
    "content_type": [
      "base",
      "order"
    ],
    "object_id": "15",
    "object_repr": "2021-04-24 00:40:16.299244+00:00",
    "action_flag": 3,
    "change_message": ""
  }
},
{
  "model": "admin.logentry",
  "pk": 60,
  "fields": {
    "action_time": "2021-04-24T03:21:44.243Z",
    "user": [
      "bbtvntrash@gmail.com"
    ],
    "content_type": [
      "base",
      "order"
    ],
    "object_id": "14",
    "object_repr": "2021-04-24 00:40:15.513934+00:00",
    "action_flag": 3,
    "change_message": ""
  }
},
{
  "model": "admin.logentry",
  "pk": 61,
  "fields": {
    "action_time": "2021-04-24T03:21:44.365Z",
    "user": [
      "bbtvntrash@gmail.com"
    ],
    "content_type": [
      "base",
      "order"
    ],
    "object_id": "13",
    "object_repr": "2021-04-24 00:38:16.272701+00:00",
    "action_flag": 3,
    "change_message": ""
  }
},
{
  "model": "admin.logentry",
  "pk": 62,
  "fields": {
    "action_time": "2021-04-24T03:21:44.476Z",
    "user": [
      "bbtvntrash@gmail.com"
    ],
    "content_type": [
      "base",
      "order"
    ],
    "object_id": "12",
    "object_repr": "2021-04-24 00:37:10.030310+00:00",
    "action_flag": 3,
    "change_message": ""
  }
},
{
  "model": "admin.logentry",
  "pk": 63,
  "fields": {
    "action_time": "2021-04-24T03:21:44.599Z",
    "user": [
      "bbtvntrash@gmail.com"
    ],
    "content_type": [
      "base",
      "order"
    ],
    "object_id": "11",
    "object_repr": "2021-04-24 00:37:09.229452+00:00",
    "action_flag": 3,
    "change_message": ""
  }
},
{
  "model": "admin.logentry",
  "pk": 64,
  "fields": {
    "action_time": "2021-04-24T03:21:44.744Z",
    "user": [
      "bbtvntrash@gmail.com"
    ],
    "content_type": [
      "base",
      "order"
    ],
    "object_id": "10",
    "object_repr": "2021-04-24 00:30:38.680395+00:00",
    "action_flag": 3,
    "change_message": ""
  }
},
{
  "model": "admin.logentry",
  "pk": 65,
  "fields": {
    "action_time": "2021-04-24T03:21:44.978Z",
    "user": [
      "bbtvntrash@gmail.com"
    ],
    "content_type": [
      "base",
      "order"
    ],
    "object_id": "9",
    "object_repr": "2021-04-24 00:30:37.938786+00:00",
    "action_flag": 3,
    "change_message": ""
  }
},
{
  "model": "admin.logentry",
  "pk": 66,
  "fields": {
    "action_time": "2021-04-24T03:21:45.120Z",
    "user": [
      "bbtvntrash@gmail.com"
    ],
    "content_type": [
      "base",
      "order"
    ],
    "object_id": "8",
    "object_repr": "2021-04-24 00:30:36.616847+00:00",
    "action_flag": 3,
    "change_message": ""
  }
},
{
  "model": "admin.logentry",
  "pk": 67,
  "fields": {
    "action_time": "2021-04-24T03:21:45.230Z",
    "user": [
      "bbtvntrash@gmail.com"
    ],
    "content_type": [
      "base",
      "order"
    ],
    "object_id": "7",
    "object_repr": "2021-04-24 00:29:56.597300+00:00",
    "action_flag": 3,
    "change_message": ""
  }
},
{
  "model": "admin.logentry",
  "pk": 68,
  "fields": {
    "action_time": "2021-04-24T03:21:45.352Z",
    "user": [
      "bbtvntrash@gmail.com"
    ],
    "content_type": [
      "base",
      "order"
    ],
    "object_id": "6",
    "object_repr": "2021-04-24 00:29:55.834419+00:00",
    "action_flag": 3,
    "change_message": ""
  }
},
{
  "model": "admin.logentry",
  "pk": 69,
  "fields": {
    "action_time": "2021-04-24T03:21:45.464Z",
    "user": [
      "bbtvntrash@gmail.com"
    ],
    "content_type": [
      "base",
      "order"
    ],
    "object_id": "5",
    "object_repr": "2021-04-24 00:25:54.090670+00:00",
    "action_flag": 3,
    "change_message": ""
  }
},
{
  "model": "admin.logentry",
  "pk": 70,
  "fields": {
    "action_time": "2021-04-24T03:21:45.574Z",
    "user": [
      "bbtvntrash@gmail.com"
    ],
    "content_type": [
      "base",
      "order"
    ],
    "object_id": "4",
    "object_repr": "2021-04-24 00:19:08.259197+00:00",
    "action_flag": 3,
    "change_message": ""
  }
},
{
  "model": "admin.logentry",
  "pk": 71,
  "fields": {
    "action_time": "2021-04-24T03:21:45.685Z",
    "user": [
      "bbtvntrash@gmail.com"
    ],
    "content_type": [
      "base",
      "order"
    ],
    "object_id": "3",
    "object_repr": "2021-04-24 00:18:17.620321+00:00",
    "action_flag": 3,
    "change_message": ""
  }
},
{
  "model": "admin.logentry",
  "pk": 72,
  "fields": {
    "action_time": "2021-04-24T03:21:45.797Z",
    "user": [
      "bbtvntrash@gmail.com"
    ],
    "content_type": [
      "base",
      "order"
    ],
    "object_id": "2",
    "object_repr": "2021-04-24 00:16:10.264680+00:00",
    "action_flag": 3,
    "change_message": ""
  }
},
{
  "model": "admin.logentry",
  "pk": 73,
  "fields": {
    "action_time": "2021-04-24T03:21:45.907Z",
    "user": [
      "bbtvntrash@gmail.com"
    ],
    "content_type": [
      "base",
      "order"
    ],
    "object_id": "1",
    "object_repr": "2021-04-24 00:07:00.230911+00:00",
    "action_flag": 3,
    "change_message": ""
  }
},
{
  "model": "admin.logentry",
  "pk": 74,
  "fields": {
    "action_time": "2021-04-24T03:21:53.662Z",
    "user": [
      "bbtvntrash@gmail.com"
    ],
    "content_type": [
      "base",
      "orderitem"
    ],
    "object_id": "90",
    "object_repr": "Cannon EOS 80D DSLR Camera",
    "action_flag": 3,
    "change_message": ""
  }
},
{
  "model": "admin.logentry",
  "pk": 75,
  "fields": {
    "action_time": "2021-04-24T03:21:53.762Z",
    "user": [
      "bbtvntrash@gmail.com"
    ],
    "content_type": [
      "base",
      "orderitem"
    ],
    "object_id": "89",
    "object_repr": "Logitech G-Series Gaming Mouse",
    "action_flag": 3,
    "change_message": ""
  }
},
{
  "model": "admin.logentry",
  "pk": 76,
  "fields": {
    "action_time": "2021-04-24T03:21:53.884Z",
    "user": [
      "bbtvntrash@gmail.com"
    ],
    "content_type": [
      "base",
      "orderitem"
    ],
    "object_id": "88",
    "object_repr": "Cannon EOS 80D DSLR Camera",
    "action_flag": 3,
    "change_message": ""
  }
},
{
  "model": "admin.logentry",
  "pk": 77,
  "fields": {
    "action_time": "2021-04-24T03:21:54.006Z",
    "user": [
      "bbtvntrash@gmail.com"
    ],
    "content_type": [
      "base",
      "orderitem"
    ],
    "object_id": "87",
    "object_repr": "Logitech G-Series Gaming Mouse",
    "action_flag": 3,
    "change_message": ""
  }
},
{
  "model": "admin.logentry",
  "pk": 78,
  "fields": {
    "action_time": "2021-04-24T03:21:54.117Z",
    "user": [
      "bbtvntrash@gmail.com"
    ],
    "content_type": [
      "base",
      "orderitem"
    ],
    "object_id": "86",
    "object_repr": "Cannon EOS 80D DSLR Camera",
    "action_flag": 3,
    "change_message": ""
  }
},
{
  "model": "admin.logentry",
  "pk": 79,
  "fields": {
    "action_time": "2021-04-24T03:21:54.294Z",
    "user": [
      "bbtvntrash@gmail.com"
    ],
    "content_type": [
      "base",
      "orderitem"
    ],
    "object_id": "85",
    "object_repr": "Logitech G-Series Gaming Mouse",
    "action_flag": 3,
    "change_message": ""
  }
},
{
  "model": "admin.logentry",
  "pk": 80,
  "fields": {
    "action_time": "2021-04-24T03:21:54.438Z",
    "user": [
      "bbtvntrash@gmail.com"
    ],
    "content_type": [
      "base",
      "orderitem"
    ],
    "object_id": "84",
    "object_repr": "Cannon EOS 80D DSLR Camera",
    "action_flag": 3,
    "change_message": ""
  }
},
{
  "model": "admin.logentry",
  "pk": 81,
  "fields": {
    "action_time": "2021-04-24T03:21:54.538Z",
    "user": [
      "bbtvntrash@gmail.com"
    ],
    "content_type": [
      "base",
      "orderitem"
    ],
    "object_id": "83",
    "object_repr": "Logitech G-Series Gaming Mouse",
    "action_flag": 3,
    "change_message": ""
  }
},
{
  "model": "admin.logentry",
  "pk": 82,
  "fields": {
    "action_time": "2021-04-24T03:21:54.650Z",
    "user": [
      "bbtvntrash@gmail.com"
    ],
    "content_type": [
      "base",
      "orderitem"
    ],
    "object_id": "82",
    "object_repr": "Cannon EOS 80D DSLR Camera",
    "action_flag": 3,
    "change_message": ""
  }
},
{
  "model": "admin.logentry",
  "pk": 83,
  "fields": {
    "action_time": "2021-04-24T03:21:54.794Z",
    "user": [
      "bbtvntrash@gmail.com"
    ],
    "content_type": [
      "base",
      "orderitem"
    ],
    "object_id": "81",
    "object_repr": "Logitech G-Series Gaming Mouse",
    "action_flag": 3,
    "change_message": ""
  }
},
{
  "model": "admin.logentry",
  "pk": 84,
  "fields": {
    "action_time": "2021-04-24T03:21:54.938Z",
    "user": [
      "bbtvntrash@gmail.com"
    ],
    "content_type": [
      "base",
      "orderitem"
    ],
    "object_id": "80",
    "object_repr": "Cannon EOS 80D DSLR Camera",
    "action_flag": 3,
    "change_message": ""
  }
},
{
  "model": "admin.logentry",
  "pk": 85,
  "fields": {
    "action_time": "2021-04-24T03:21:55.038Z",
    "user": [
      "bbtvntrash@gmail.com"
    ],
    "content_type": [
      "base",
      "orderitem"
    ],
    "object_id": "79",
    "object_repr": "Logitech G-Series Gaming Mouse",
    "action_flag": 3,
    "change_message": ""
  }
},
{
  "model": "admin.logentry",
  "pk": 86,
  "fields": {
    "action_time": "2021-04-24T03:21:55.138Z",
    "user": [
      "bbtvntrash@gmail.com"
    ],
    "content_type": [
      "base",
      "orderitem"
    ],
    "object_id": "78",
    "object_repr": "Cannon EOS 80D DSLR Camera",
    "action_flag": 3,
    "change_message": ""
  }
},
{
  "model": "admin.logentry",
  "pk": 87,
  "fields": {
    "action_time": "2021-04-24T03:21:55.259Z",
    "user": [
      "bbtvntrash@gmail.com"
    ],
    "content_type": [
      "base",
      "orderitem"
    ],
    "object_id": "77",
    "object_repr": "Logitech G-Series Gaming Mouse",
    "action_flag": 3,
    "change_message": ""
  }
},
{
  "model": "admin.logentry",
  "pk": 88,
  "fields": {
    "action_time": "2021-04-24T03:21:55.381Z",
    "user": [
      "bbtvntrash@gmail.com"
    ],
    "content_type": [
      "base",
      "orderitem"
    ],
    "object_id": "76",
    "object_repr": "Cannon EOS 80D DSLR Camera",
    "action_flag": 3,
    "change_message": ""
  }
},
{
  "model": "admin.logentry",
  "pk": 89,
  "fields": {
    "action_time": "2021-04-24T03:21:55.492Z",
    "user": [
      "bbtvntrash@gmail.com"
    ],
    "content_type": [
      "base",
      "orderitem"
    ],
    "object_id": "75",
    "object_repr": "Logitech G-Series Gaming Mouse",
    "action_flag": 3,
    "change_message": ""
  }
},
{
  "model": "admin.logentry",
  "pk": 90,
  "fields": {
    "action_time": "2021-04-24T03:21:55.592Z",
    "user": [
      "bbtvntrash@gmail.com"
    ],
    "content_type": [
      "base",
      "orderitem"
    ],
    "object_id": "74",
    "object_repr": "Cannon EOS 80D DSLR Camera",
    "action_flag": 3,
    "change_message": ""
  }
},
{
  "model": "admin.logentry",
  "pk": 91,
  "fields": {
    "action_time": "2021-04-24T03:21:55.855Z",
    "user": [
      "bbtvntrash@gmail.com"
    ],
    "content_type": [
      "base",
      "orderitem"
    ],
    "object_id": "73",
    "object_repr": "Logitech G-Series Gaming Mouse",
    "action_flag": 3,
    "change_message": ""
  }
},
{
  "model": "admin.logentry",
  "pk": 92,
  "fields": {
    "action_time": "2021-04-24T03:21:56.126Z",
    "user": [
      "bbtvntrash@gmail.com"
    ],
    "content_type": [
      "base",
      "orderitem"
    ],
    "object_id": "72",
    "object_repr": "Cannon EOS 80D DSLR Camera",
    "action_flag": 3,
    "change_message": ""
  }
},
{
  "model": "admin.logentry",
  "pk": 93,
  "fields": {
    "action_time": "2021-04-24T03:21:56.233Z",
    "user": [
      "bbtvntrash@gmail.com"
    ],
    "content_type": [
      "base",
      "orderitem"
    ],
    "object_id": "71",
    "object_repr": "Logitech G-Series Gaming Mouse",
    "action_flag": 3,
    "change_message": ""
  }
},
{
  "model": "admin.logentry",
  "pk": 94,
  "fields": {
    "action_time": "2021-04-24T03:21:56.469Z",
    "user": [
      "bbtvntrash@gmail.com"
    ],
    "content_type": [
      "base",
      "orderitem"
    ],
    "object_id": "70",
    "object_repr": "Cannon EOS 80D DSLR Camera",
    "action_flag": 3,
    "change_message": ""
  }
},
{
  "model": "admin.logentry",
  "pk": 95,
  "fields": {
    "action_time": "2021-04-24T03:21:56.602Z",
    "user": [
      "bbtvntrash@gmail.com"
    ],
    "content_type": [
      "base",
      "orderitem"
    ],
    "object_id": "69",
    "object_repr": "Logitech G-Series Gaming Mouse",
    "action_flag": 3,
    "change_message": ""
  }
},
{
  "model": "admin.logentry",
  "pk": 96,
  "fields": {
    "action_time": "2021-04-24T03:21:56.724Z",
    "user": [
      "bbtvntrash@gmail.com"
    ],
    "content_type": [
      "base",
      "orderitem"
    ],
    "object_id": "68",
    "object_repr": "Cannon EOS 80D DSLR Camera",
    "action_flag": 3,
    "change_message": ""
  }
},
{
  "model": "admin.logentry",
  "pk": 97,
  "fields": {
    "action_time": "2021-04-24T03:21:56.835Z",
    "user": [
      "bbtvntrash@gmail.com"
    ],
    "content_type": [
      "base",
      "orderitem"
    ],
    "object_id": "67",
    "object_repr": "Logitech G-Series Gaming Mouse",
    "action_flag": 3,
    "change_message": ""
  }
},
{
  "model": "admin.logentry",
  "pk": 98,
  "fields": {
    "action_time": "2021-04-24T03:21:56.968Z",
    "user": [
      "bbtvntrash@gmail.com"
    ],
    "content_type": [
      "base",
      "orderitem"
    ],
    "object_id": "66",
    "object_repr": "Cannon EOS 80D DSLR Camera",
    "action_flag": 3,
    "change_message": ""
  }
},
{
  "model": "admin.logentry",
  "pk": 99,
  "fields": {
    "action_time": "2021-04-24T03:21:57.087Z",
    "user": [
      "bbtvntrash@gmail.com"
    ],
    "content_type": [
      "base",
      "orderitem"
    ],
    "object_id": "65",
    "object_repr": "Logitech G-Series Gaming Mouse",
    "action_flag": 3,
    "change_message": ""
  }
},
{
  "model": "admin.logentry",
  "pk": 100,
  "fields": {
    "action_time": "2021-04-24T03:21:57.201Z",
    "user": [
      "bbtvntrash@gmail.com"
    ],
    "content_type": [
      "base",
      "orderitem"
    ],
    "object_id": "64",
    "object_repr": "Cannon EOS 80D DSLR Camera",
    "action_flag": 3,
    "change_message": ""
  }
},
{
  "model": "admin.logentry",
  "pk": 101,
  "fields": {
    "action_time": "2021-04-24T03:21:57.323Z",
    "user": [
      "bbtvntrash@gmail.com"
    ],
    "content_type": [
      "base",
      "orderitem"
    ],
    "object_id": "63",
    "object_repr": "Logitech G-Series Gaming Mouse",
    "action_flag": 3,
    "change_message": ""
  }
},
{
  "model": "admin.logentry",
  "pk": 102,
  "fields": {
    "action_time": "2021-04-24T03:21:57.435Z",
    "user": [
      "bbtvntrash@gmail.com"
    ],
    "content_type": [
      "base",
      "orderitem"
    ],
    "object_id": "62",
    "object_repr": "Cannon EOS 80D DSLR Camera",
    "action_flag": 3,
    "change_message": ""
  }
},
{
  "model": "admin.logentry",
  "pk": 103,
  "fields": {
    "action_time": "2021-04-24T03:21:57.579Z",
    "user": [
      "bbtvntrash@gmail.com"
    ],
    "content_type": [
      "base",
      "orderitem"
    ],
    "object_id": "61",
    "object_repr": "Logitech G-Series Gaming Mouse",
    "action_flag": 3,
    "change_message": ""
  }
},
{
  "model": "admin.logentry",
  "pk": 104,
  "fields": {
    "action_time": "2021-04-24T03:21:57.712Z",
    "user": [
      "bbtvntrash@gmail.com"
    ],
    "content_type": [
      "base",
      "orderitem"
    ],
    "object_id": "60",
    "object_repr": "Cannon EOS 80D DSLR Camera",
    "action_flag": 3,
    "change_message": ""
  }
},
{
  "model": "admin.logentry",
  "pk": 105,
  "fields": {
    "action_time": "2021-04-24T03:21:57.856Z",
    "user": [
      "bbtvntrash@gmail.com"
    ],
    "content_type": [
      "base",
      "orderitem"
    ],
    "object_id": "59",
    "object_repr": "Logitech G-Series Gaming Mouse",
    "action_flag": 3,
    "change_message": ""
  }
},
{
  "model": "admin.logentry",
  "pk": 106,
  "fields": {
    "action_time": "2021-04-24T03:21:57.978Z",
    "user": [
      "bbtvntrash@gmail.com"
    ],
    "content_type": [
      "base",
      "orderitem"
    ],
    "object_id": "58",
    "object_repr": "Cannon EOS 80D DSLR Camera",
    "action_flag": 3,
    "change_message": ""
  }
},
{
  "model": "admin.logentry",
  "pk": 107,
  "fields": {
    "action_time": "2021-04-24T03:21:58.111Z",
    "user": [
      "bbtvntrash@gmail.com"
    ],
    "content_type": [
      "base",
      "orderitem"
    ],
    "object_id": "57",
    "object_repr": "Logitech G-Series Gaming Mouse",
    "action_flag": 3,
    "change_message": ""
  }
},
{
  "model": "admin.logentry",
  "pk": 108,
  "fields": {
    "action_time": "2021-04-24T03:21:58.301Z",
    "user": [
      "bbtvntrash@gmail.com"
    ],
    "content_type": [
      "base",
      "orderitem"
    ],
    "object_id": "56",
    "object_repr": "Cannon EOS 80D DSLR Camera",
    "action_flag": 3,
    "change_message": ""
  }
},
{
  "model": "admin.logentry",
  "pk": 109,
  "fields": {
    "action_time": "2021-04-24T03:21:58.466Z",
    "user": [
      "bbtvntrash@gmail.com"
    ],
    "content_type": [
      "base",
      "orderitem"
    ],
    "object_id": "55",
    "object_repr": "Logitech G-Series Gaming Mouse",
    "action_flag": 3,
    "change_message": ""
  }
},
{
  "model": "admin.logentry",
  "pk": 110,
  "fields": {
    "action_time": "2021-04-24T03:21:58.577Z",
    "user": [
      "bbtvntrash@gmail.com"
    ],
    "content_type": [
      "base",
      "orderitem"
    ],
    "object_id": "54",
    "object_repr": "Cannon EOS 80D DSLR Camera",
    "action_flag": 3,
    "change_message": ""
  }
},
{
  "model": "admin.logentry",
  "pk": 111,
  "fields": {
    "action_time": "2021-04-24T03:21:58.688Z",
    "user": [
      "bbtvntrash@gmail.com"
    ],
    "content_type": [
      "base",
      "orderitem"
    ],
    "object_id": "53",
    "object_repr": "Logitech G-Series Gaming Mouse",
    "action_flag": 3,
    "change_message": ""
  }
},
{
  "model": "admin.logentry",
  "pk": 112,
  "fields": {
    "action_time": "2021-04-24T03:21:58.799Z",
    "user": [
      "bbtvntrash@gmail.com"
    ],
    "content_type": [
      "base",
      "orderitem"
    ],
    "object_id": "52",
    "object_repr": "Cannon EOS 80D DSLR Camera",
    "action_flag": 3,
    "change_message": ""
  }
},
{
  "model": "admin.logentry",
  "pk": 113,
  "fields": {
    "action_time": "2021-04-24T03:21:58.921Z",
    "user": [
      "bbtvntrash@gmail.com"
    ],
    "content_type": [
      "base",
      "orderitem"
    ],
    "object_id": "51",
    "object_repr": "Logitech G-Series Gaming Mouse",
    "action_flag": 3,
    "change_message": ""
  }
},
{
  "model": "admin.logentry",
  "pk": 114,
  "fields": {
    "action_time": "2021-04-24T03:21:59.044Z",
    "user": [
      "bbtvntrash@gmail.com"
    ],
    "content_type": [
      "base",
      "orderitem"
    ],
    "object_id": "50",
    "object_repr": "Cannon EOS 80D DSLR Camera",
    "action_flag": 3,
    "change_message": ""
  }
},
{
  "model": "admin.logentry",
  "pk": 115,
  "fields": {
    "action_time": "2021-04-24T03:21:59.165Z",
    "user": [
      "bbtvntrash@gmail.com"
    ],
    "content_type": [
      "base",
      "orderitem"
    ],
    "object_id": "49",
    "object_repr": "Logitech G-Series Gaming Mouse",
    "action_flag": 3,
    "change_message": ""
  }
},
{
  "model": "admin.logentry",
  "pk": 116,
  "fields": {
    "action_time": "2021-04-24T03:21:59.265Z",
    "user": [
      "bbtvntrash@gmail.com"
    ],
    "content_type": [
      "base",
      "orderitem"
    ],
    "object_id": "48",
    "object_repr": "Cannon EOS 80D DSLR Camera",
    "action_flag": 3,
    "change_message": ""
  }
},
{
  "model": "admin.logentry",
  "pk": 117,
  "fields": {
    "action_time": "2021-04-24T03:21:59.398Z",
    "user": [
      "bbtvntrash@gmail.com"
    ],
    "content_type": [
      "base",
      "orderitem"
    ],
    "object_id": "47",
    "object_repr": "Logitech G-Series Gaming Mouse",
    "action_flag": 3,
    "change_message": ""
  }
},
{
  "model": "admin.logentry",
  "pk": 118,
  "fields": {
    "action_time": "2021-04-24T03:21:59.516Z",
    "user": [
      "bbtvntrash@gmail.com"
    ],
    "content_type": [
      "base",
      "orderitem"
    ],
    "object_id": "46",
    "object_repr": "Cannon EOS 80D DSLR Camera",
    "action_flag": 3,
    "change_message": ""
  }
},
{
  "model": "admin.logentry",
  "pk": 119,
  "fields": {
    "action_time": "2021-04-24T03:21:59.686Z",
    "user": [
      "bbtvntrash@gmail.com"
    ],
    "content_type": [
      "base",
      "orderitem"
    ],
    "object_id": "45",
    "object_repr": "Logitech G-Series Gaming Mouse",
    "action_flag": 3,
    "change_message": ""
  }
},
{
  "model": "admin.logentry",
  "pk": 120,
  "fields": {
    "action_time": "2021-04-24T03:21:59.819Z",
    "user": [
      "bbtvntrash@gmail.com"
    ],
    "content_type": [
      "base",
      "orderitem"
    ],
    "object_id": "44",
    "object_repr": "Cannon EOS 80D DSLR Camera",
    "action_flag": 3,
    "change_message": ""
  }
},
{
  "model": "admin.logentry",
  "pk": 121,
  "fields": {
    "action_time": "2021-04-24T03:21:59.938Z",
    "user": [
      "bbtvntrash@gmail.com"
    ],
    "content_type": [
      "base",
      "orderitem"
    ],
    "object_id": "43",
    "object_repr": "Logitech G-Series Gaming Mouse",
    "action_flag": 3,
    "change_message": ""
  }
},
{
  "model": "admin.logentry",
  "pk": 122,
  "fields": {
    "action_time": "2021-04-24T03:22:00.064Z",
    "user": [
      "bbtvntrash@gmail.com"
    ],
    "content_type": [
      "base",
      "orderitem"
    ],
    "object_id": "42",
    "object_repr": "Cannon EOS 80D DSLR Camera",
    "action_flag": 3,
    "change_message": ""
  }
},
{
  "model": "admin.logentry",
  "pk": 123,
  "fields": {
    "action_time": "2021-04-24T03:22:00.186Z",
    "user": [
      "bbtvntrash@gmail.com"
    ],
    "content_type": [
      "base",
      "orderitem"
    ],
    "object_id": "41",
    "object_repr": "Logitech G-Series Gaming Mouse",
    "action_flag": 3,
    "change_message": ""
  }
},
{
  "model": "admin.logentry",
  "pk": 124,
  "fields": {
    "action_time": "2021-04-24T03:22:00.327Z",
    "user": [
      "bbtvntrash@gmail.com"
    ],
    "content_type": [
      "base",
      "orderitem"
    ],
    "object_id": "40",
    "object_repr": "Cannon EOS 80D DSLR Camera",
    "action_flag": 3,
    "change_message": ""
  }
},
{
  "model": "admin.logentry",
  "pk": 125,
  "fields": {
    "action_time": "2021-04-24T03:22:00.438Z",
    "user": [
      "bbtvntrash@gmail.com"
    ],
    "content_type": [
      "base",
      "orderitem"
    ],
    "object_id": "39",
    "object_repr": "Logitech G-Series Gaming Mouse",
    "action_flag": 3,
    "change_message": ""
  }
},
{
  "model": "admin.logentry",
  "pk": 126,
  "fields": {
    "action_time": "2021-04-24T03:22:00.619Z",
    "user": [
      "bbtvntrash@gmail.com"
    ],
    "content_type": [
      "base",
      "orderitem"
    ],
    "object_id": "38",
    "object_repr": "Cannon EOS 80D DSLR Camera",
    "action_flag": 3,
    "change_message": ""
  }
},
{
  "model": "admin.logentry",
  "pk": 127,
  "fields": {
    "action_time": "2021-04-24T03:22:00.752Z",
    "user": [
      "bbtvntrash@gmail.com"
    ],
    "content_type": [
      "base",
      "orderitem"
    ],
    "object_id": "37",
    "object_repr": "Logitech G-Series Gaming Mouse",
    "action_flag": 3,
    "change_message": ""
  }
},
{
  "model": "admin.logentry",
  "pk": 128,
  "fields": {
    "action_time": "2021-04-24T03:22:00.874Z",
    "user": [
      "bbtvntrash@gmail.com"
    ],
    "content_type": [
      "base",
      "orderitem"
    ],
    "object_id": "36",
    "object_repr": "Cannon EOS 80D DSLR Camera",
    "action_flag": 3,
    "change_message": ""
  }
},
{
  "model": "admin.logentry",
  "pk": 129,
  "fields": {
    "action_time": "2021-04-24T03:22:00.995Z",
    "user": [
      "bbtvntrash@gmail.com"
    ],
    "content_type": [
      "base",
      "orderitem"
    ],
    "object_id": "35",
    "object_repr": "Logitech G-Series Gaming Mouse",
    "action_flag": 3,
    "change_message": ""
  }
},
{
  "model": "admin.logentry",
  "pk": 130,
  "fields": {
    "action_time": "2021-04-24T03:22:01.095Z",
    "user": [
      "bbtvntrash@gmail.com"
    ],
    "content_type": [
      "base",
      "orderitem"
    ],
    "object_id": "34",
    "object_repr": "Cannon EOS 80D DSLR Camera",
    "action_flag": 3,
    "change_message": ""
  }
},
{
  "model": "admin.logentry",
  "pk": 131,
  "fields": {
    "action_time": "2021-04-24T03:22:01.236Z",
    "user": [
      "bbtvntrash@gmail.com"
    ],
    "content_type": [
      "base",
      "orderitem"
    ],
    "object_id": "33",
    "object_repr": "Logitech G-Series Gaming Mouse",
    "action_flag": 3,
    "change_message": ""
  }
},
{
  "model": "admin.logentry",
  "pk": 132,
  "fields": {
    "action_time": "2021-04-24T03:22:01.328Z",
    "user": [
      "bbtvntrash@gmail.com"
    ],
    "content_type": [
      "base",
      "orderitem"
    ],
    "object_id": "32",
    "object_repr": "Cannon EOS 80D DSLR Camera",
    "action_flag": 3,
    "change_message": ""
  }
},
{
  "model": "admin.logentry",
  "pk": 133,
  "fields": {
    "action_time": "2021-04-24T03:22:01.461Z",
    "user": [
      "bbtvntrash@gmail.com"
    ],
    "content_type": [
      "base",
      "orderitem"
    ],
    "object_id": "31",
    "object_repr": "Logitech G-Series Gaming Mouse",
    "action_flag": 3,
    "change_message": ""
  }
},
{
  "model": "admin.logentry",
  "pk": 134,
  "fields": {
    "action_time": "2021-04-24T03:22:01.621Z",
    "user": [
      "bbtvntrash@gmail.com"
    ],
    "content_type": [
      "base",
      "orderitem"
    ],
    "object_id": "30",
    "object_repr": "Cannon EOS 80D DSLR Camera",
    "action_flag": 3,
    "change_message": ""
  }
},
{
  "model": "admin.logentry",
  "pk": 135,
  "fields": {
    "action_time": "2021-04-24T03:22:01.739Z",
    "user": [
      "bbtvntrash@gmail.com"
    ],
    "content_type": [
      "base",
      "orderitem"
    ],
    "object_id": "29",
    "object_repr": "Logitech G-Series Gaming Mouse",
    "action_flag": 3,
    "change_message": ""
  }
},
{
  "model": "admin.logentry",
  "pk": 136,
  "fields": {
    "action_time": "2021-04-24T03:22:01.850Z",
    "user": [
      "bbtvntrash@gmail.com"
    ],
    "content_type": [
      "base",
      "orderitem"
    ],
    "object_id": "28",
    "object_repr": "Cannon EOS 80D DSLR Camera",
    "action_flag": 3,
    "change_message": ""
  }
},
{
  "model": "admin.logentry",
  "pk": 137,
  "fields": {
    "action_time": "2021-04-24T03:22:01.961Z",
    "user": [
      "bbtvntrash@gmail.com"
    ],
    "content_type": [
      "base",
      "orderitem"
    ],
    "object_id": "27",
    "object_repr": "Logitech G-Series Gaming Mouse",
    "action_flag": 3,
    "change_message": ""
  }
},
{
  "model": "admin.logentry",
  "pk": 138,
  "fields": {
    "action_time": "2021-04-24T03:22:02.072Z",
    "user": [
      "bbtvntrash@gmail.com"
    ],
    "content_type": [
      "base",
      "orderitem"
    ],
    "object_id": "26",
    "object_repr": "Cannon EOS 80D DSLR Camera",
    "action_flag": 3,
    "change_message": ""
  }
},
{
  "model": "admin.logentry",
  "pk": 139,
  "fields": {
    "action_time": "2021-04-24T03:22:02.212Z",
    "user": [
      "bbtvntrash@gmail.com"
    ],
    "content_type": [
      "base",
      "orderitem"
    ],
    "object_id": "25",
    "object_repr": "Logitech G-Series Gaming Mouse",
    "action_flag": 3,
    "change_message": ""
  }
},
{
  "model": "admin.logentry",
  "pk": 140,
  "fields": {
    "action_time": "2021-04-24T03:22:02.326Z",
    "user": [
      "bbtvntrash@gmail.com"
    ],
    "content_type": [
      "base",
      "orderitem"
    ],
    "object_id": "24",
    "object_repr": "Cannon EOS 80D DSLR Camera",
    "action_flag": 3,
    "change_message": ""
  }
},
{
  "model": "admin.logentry",
  "pk": 141,
  "fields": {
    "action_time": "2021-04-24T03:22:02.448Z",
    "user": [
      "bbtvntrash@gmail.com"
    ],
    "content_type": [
      "base",
      "orderitem"
    ],
    "object_id": "23",
    "object_repr": "Logitech G-Series Gaming Mouse",
    "action_flag": 3,
    "change_message": ""
  }
},
{
  "model": "admin.logentry",
  "pk": 142,
  "fields": {
    "action_time": "2021-04-24T03:22:02.548Z",
    "user": [
      "bbtvntrash@gmail.com"
    ],
    "content_type": [
      "base",
      "orderitem"
    ],
    "object_id": "22",
    "object_repr": "Cannon EOS 80D DSLR Camera",
    "action_flag": 3,
    "change_message": ""
  }
},
{
  "model": "admin.logentry",
  "pk": 143,
  "fields": {
    "action_time": "2021-04-24T03:22:02.670Z",
    "user": [
      "bbtvntrash@gmail.com"
    ],
    "content_type": [
      "base",
      "orderitem"
    ],
    "object_id": "21",
    "object_repr": "Logitech G-Series Gaming Mouse",
    "action_flag": 3,
    "change_message": ""
  }
},
{
  "model": "admin.logentry",
  "pk": 144,
  "fields": {
    "action_time": "2021-04-24T03:22:02.803Z",
    "user": [
      "bbtvntrash@gmail.com"
    ],
    "content_type": [
      "base",
      "orderitem"
    ],
    "object_id": "20",
    "object_repr": "Cannon EOS 80D DSLR Camera",
    "action_flag": 3,
    "change_message": ""
  }
},
{
  "model": "admin.logentry",
  "pk": 145,
  "fields": {
    "action_time": "2021-04-24T03:22:02.936Z",
    "user": [
      "bbtvntrash@gmail.com"
    ],
    "content_type": [
      "base",
      "orderitem"
    ],
    "object_id": "19",
    "object_repr": "Logitech G-Series Gaming Mouse",
    "action_flag": 3,
    "change_message": ""
  }
},
{
  "model": "admin.logentry",
  "pk": 146,
  "fields": {
    "action_time": "2021-04-24T03:22:03.047Z",
    "user": [
      "bbtvntrash@gmail.com"
    ],
    "content_type": [
      "base",
      "orderitem"
    ],
    "object_id": "18",
    "object_repr": "Cannon EOS 80D DSLR Camera",
    "action_flag": 3,
    "change_message": ""
  }
},
{
  "model": "admin.logentry",
  "pk": 147,
  "fields": {
    "action_time": "2021-04-24T03:22:03.159Z",
    "user": [
      "bbtvntrash@gmail.com"
    ],
    "content_type": [
      "base",
      "orderitem"
    ],
    "object_id": "17",
    "object_repr": "Logitech G-Series Gaming Mouse",
    "action_flag": 3,
    "change_message": ""
  }
},
{
  "model": "admin.logentry",
  "pk": 148,
  "fields": {
    "action_time": "2021-04-24T03:22:03.270Z",
    "user": [
      "bbtvntrash@gmail.com"
    ],
    "content_type": [
      "base",
      "orderitem"
    ],
    "object_id": "16",
    "object_repr": "Cannon EOS 80D DSLR Camera",
    "action_flag": 3,
    "change_message": ""
  }
},
{
  "model": "admin.logentry",
  "pk": 149,
  "fields": {
    "action_time": "2021-04-24T03:22:03.381Z",
    "user": [
      "bbtvntrash@gmail.com"
    ],
    "content_type": [
      "base",
      "orderitem"
    ],
    "object_id": "15",
    "object_repr": "Logitech G-Series Gaming Mouse",
    "action_flag": 3,
    "change_message": ""
  }
},
{
  "model": "admin.logentry",
  "pk": 150,
  "fields": {
    "action_time": "2021-04-24T03:22:03.480Z",
    "user": [
      "bbtvntrash@gmail.com"
    ],
    "content_type": [
      "base",
      "orderitem"
    ],
    "object_id": "14",
    "object_repr": "Cannon EOS 80D DSLR Camera",
    "action_flag": 3,
    "change_message": ""
  }
},
{
  "model": "admin.logentry",
  "pk": 151,
  "fields": {
    "action_time": "2021-04-24T03:22:03.591Z",
    "user": [
      "bbtvntrash@gmail.com"
    ],
    "content_type": [
      "base",
      "orderitem"
    ],
    "object_id": "13",
    "object_repr": "Logitech G-Series Gaming Mouse",
    "action_flag": 3,
    "change_message": ""
  }
},
{
  "model": "admin.logentry",
  "pk": 152,
  "fields": {
    "action_time": "2021-04-24T03:22:03.702Z",
    "user": [
      "bbtvntrash@gmail.com"
    ],
    "content_type": [
      "base",
      "orderitem"
    ],
    "object_id": "12",
    "object_repr": "Cannon EOS 80D DSLR Camera",
    "action_flag": 3,
    "change_message": ""
  }
},
{
  "model": "admin.logentry",
  "pk": 153,
  "fields": {
    "action_time": "2021-04-24T03:22:03.812Z",
    "user": [
      "bbtvntrash@gmail.com"
    ],
    "content_type": [
      "base",
      "orderitem"
    ],
    "object_id": "11",
    "object_repr": "Logitech G-Series Gaming Mouse",
    "action_flag": 3,
    "change_message": ""
  }
},
{
  "model": "admin.logentry",
  "pk": 154,
  "fields": {
    "action_time": "2021-04-24T03:22:03.923Z",
    "user": [
      "bbtvntrash@gmail.com"
    ],
    "content_type": [
      "base",
      "orderitem"
    ],
    "object_id": "10",
    "object_repr": "Cannon EOS 80D DSLR Camera",
    "action_flag": 3,
    "change_message": ""
  }
},
{
  "model": "admin.logentry",
  "pk": 155,
  "fields": {
    "action_time": "2021-04-24T03:22:04.023Z",
    "user": [
      "bbtvntrash@gmail.com"
    ],
    "content_type": [
      "base",
      "orderitem"
    ],
    "object_id": "9",
    "object_repr": "Logitech G-Series Gaming Mouse",
    "action_flag": 3,
    "change_message": ""
  }
},
{
  "model": "admin.logentry",
  "pk": 156,
  "fields": {
    "action_time": "2021-04-24T03:22:04.168Z",
    "user": [
      "bbtvntrash@gmail.com"
    ],
    "content_type": [
      "base",
      "orderitem"
    ],
    "object_id": "8",
    "object_repr": "Cannon EOS 80D DSLR Camera",
    "action_flag": 3,
    "change_message": ""
  }
},
{
  "model": "admin.logentry",
  "pk": 157,
  "fields": {
    "action_time": "2021-04-24T03:22:04.279Z",
    "user": [
      "bbtvntrash@gmail.com"
    ],
    "content_type": [
      "base",
      "orderitem"
    ],
    "object_id": "7",
    "object_repr": "Logitech G-Series Gaming Mouse",
    "action_flag": 3,
    "change_message": ""
  }
},
{
  "model": "admin.logentry",
  "pk": 158,
  "fields": {
    "action_time": "2021-04-24T03:22:04.390Z",
    "user": [
      "bbtvntrash@gmail.com"
    ],
    "content_type": [
      "base",
      "orderitem"
    ],
    "object_id": "6",
    "object_repr": "Cannon EOS 80D DSLR Camera",
    "action_flag": 3,
    "change_message": ""
  }
},
{
  "model": "admin.logentry",
  "pk": 159,
  "fields": {
    "action_time": "2021-04-24T03:22:04.534Z",
    "user": [
      "bbtvntrash@gmail.com"
    ],
    "content_type": [
      "base",
      "orderitem"
    ],
    "object_id": "5",
    "object_repr": "Logitech G-Series Gaming Mouse",
    "action_flag": 3,
    "change_message": ""
  }
},
{
  "model": "admin.logentry",
  "pk": 160,
  "fields": {
    "action_time": "2021-04-24T03:22:04.634Z",
    "user": [
      "bbtvntrash@gmail.com"
    ],
    "content_type": [
      "base",
      "orderitem"
    ],
    "object_id": "4",
    "object_repr": "Cannon EOS 80D DSLR Camera",
    "action_flag": 3,
    "change_message": ""
  }
},
{
  "model": "admin.logentry",
  "pk": 161,
  "fields": {
    "action_time": "2021-04-24T03:22:04.756Z",
    "user": [
      "bbtvntrash@gmail.com"
    ],
    "content_type": [
      "base",
      "orderitem"
    ],
    "object_id": "3",
    "object_repr": "Logitech G-Series Gaming Mouse",
    "action_flag": 3,
    "change_message": ""
  }
},
{
  "model": "admin.logentry",
  "pk": 162,
  "fields": {
    "action_time": "2021-04-24T03:22:04.878Z",
    "user": [
      "bbtvntrash@gmail.com"
    ],
    "content_type": [
      "base",
      "orderitem"
    ],
    "object_id": "2",
    "object_repr": "Cannon EOS 80D DSLR Camera",
    "action_flag": 3,
    "change_message": ""
  }
},
{
  "model": "admin.logentry",
  "pk": 163,
  "fields": {
    "action_time": "2021-04-24T03:22:05.000Z",
    "user": [
      "bbtvntrash@gmail.com"
    ],
    "content_type": [
      "base",
      "orderitem"
    ],
    "object_id": "1",
    "object_repr": "Logitech G-Series Gaming Mouse",
    "action_flag": 3,
    "change_message": ""
  }
},
{
  "model": "admin.logentry",
  "pk": 164,
  "fields": {
    "action_time": "2021-04-24T03:23:41.557Z",
    "user": [
      "bbtvntrash@gmail.com"
    ],
    "content_type": [
      "base",
      "order"
    ],
    "object_id": "53",
    "object_repr": "2021-04-24 03:23:26.568301+00:00",
    "action_flag": 3,
    "change_message": ""
  }
},
{
  "model": "admin.logentry",
  "pk": 165,
  "fields": {
    "action_time": "2021-04-24T03:23:41.762Z",
    "user": [
      "bbtvntrash@gmail.com"
    ],
    "content_type": [
      "base",
      "order"
    ],
    "object_id": "52",
    "object_repr": "2021-04-24 03:23:25.426902+00:00",
    "action_flag": 3,
    "change_message": ""
  }
},
{
  "model": "admin.logentry",
  "pk": 166,
  "fields": {
    "action_time": "2021-04-24T03:23:41.884Z",
    "user": [
      "bbtvntrash@gmail.com"
    ],
    "content_type": [
      "base",
      "order"
    ],
    "object_id": "51",
    "object_repr": "2021-04-24 03:22:50.864879+00:00",
    "action_flag": 3,
    "change_message": ""
  }
},
{
  "model": "admin.logentry",
  "pk": 167,
  "fields": {
    "action_time": "2021-04-24T03:23:48.370Z",
    "user": [
      "bbtvntrash@gmail.com"
    ],
    "content_type": [
      "base",
      "orderitem"
    ],
    "object_id": "96",
    "object_repr": "Cannon EOS 80D DSLR Camera",
    "action_flag": 3,
    "change_message": ""
  }
},
{
  "model": "admin.logentry",
  "pk": 168,
  "fields": {
    "action_time": "2021-04-24T03:23:48.563Z",
    "user": [
      "bbtvntrash@gmail.com"
    ],
    "content_type": [
      "base",
      "orderitem"
    ],
    "object_id": "95",
    "object_repr": "Logitech G-Series Gaming Mouse",
    "action_flag": 3,
    "change_message": ""
  }
},
{
  "model": "admin.logentry",
  "pk": 169,
  "fields": {
    "action_time": "2021-04-24T03:23:48.685Z",
    "user": [
      "bbtvntrash@gmail.com"
    ],
    "content_type": [
      "base",
      "orderitem"
    ],
    "object_id": "94",
    "object_repr": "Cannon EOS 80D DSLR Camera",
    "action_flag": 3,
    "change_message": ""
  }
},
{
  "model": "admin.logentry",
  "pk": 170,
  "fields": {
    "action_time": "2021-04-24T03:23:48.837Z",
    "user": [
      "bbtvntrash@gmail.com"
    ],
    "content_type": [
      "base",
      "orderitem"
    ],
    "object_id": "93",
    "object_repr": "Logitech G-Series Gaming Mouse",
    "action_flag": 3,
    "change_message": ""
  }
},
{
  "model": "admin.logentry",
  "pk": 171,
  "fields": {
    "action_time": "2021-04-24T03:23:48.929Z",
    "user": [
      "bbtvntrash@gmail.com"
    ],
    "content_type": [
      "base",
      "orderitem"
    ],
    "object_id": "92",
    "object_repr": "Cannon EOS 80D DSLR Camera",
    "action_flag": 3,
    "change_message": ""
  }
},
{
  "model": "admin.logentry",
  "pk": 172,
  "fields": {
    "action_time": "2021-04-24T03:23:49.062Z",
    "user": [
      "bbtvntrash@gmail.com"
    ],
    "content_type": [
      "base",
      "orderitem"
    ],
    "object_id": "91",
    "object_repr": "Logitech G-Series Gaming Mouse",
    "action_flag": 3,
    "change_message": ""
  }
},
{
  "model": "admin.logentry",
  "pk": 173,
  "fields": {
    "action_time": "2021-04-25T18:29:24.632Z",
    "user": [
      "bbtvntrash@gmail.com"
    ],
    "content_type": [
      "base",
      "order"
    ],
    "object_id": "57",
    "object_repr": "2021-04-24 03:39:12.287079+00:00",
    "action_flag": 3,
    "change_message": ""
  }
},
{
  "model": "admin.logentry",
  "pk": 174,
  "fields": {
    "action_time": "2021-04-25T18:29:24.876Z",
    "user": [
      "bbtvntrash@gmail.com"
    ],
    "content_type": [
      "base",
      "order"
    ],
    "object_id": "56",
    "object_repr": "2021-04-24 03:38:52.213387+00:00",
    "action_flag": 3,
    "change_message": ""
  }
},
{
  "model": "admin.logentry",
  "pk": 175,
  "fields": {
    "action_time": "2021-04-25T18:29:25.075Z",
    "user": [
      "bbtvntrash@gmail.com"
    ],
    "content_type": [
      "base",
      "order"
    ],
    "object_id": "55",
    "object_repr": "2021-04-24 03:30:49.391775+00:00",
    "action_flag": 3,
    "change_message": ""
  }
},
{
  "model": "admin.logentry",
  "pk": 176,
  "fields": {
    "action_time": "2021-04-25T18:29:25.241Z",
    "user": [
      "bbtvntrash@gmail.com"
    ],
    "content_type": [
      "base",
      "order"
    ],
    "object_id": "54",
    "object_repr": "2021-04-24 03:24:00.575179+00:00",
    "action_flag": 3,
    "change_message": ""
  }
},
{
  "model": "admin.logentry",
  "pk": 177,
  "fields": {
    "action_time": "2021-04-25T18:46:00.622Z",
    "user": [
      "bbtvntrash@gmail.com"
    ],
    "content_type": [
      "base",
      "order"
    ],
    "object_id": "58",
    "object_repr": "2021-04-25 18:29:43.469836+00:00",
    "action_flag": 3,
    "change_message": ""
  }
},
{
  "model": "admin.logentry",
  "pk": 178,
  "fields": {
    "action_time": "2021-04-25T20:18:03.225Z",
    "user": [
      "bbtvntrash@gmail.com"
    ],
    "content_type": [
      "base",
      "order"
    ],
    "object_id": "59",
    "object_repr": "2021-04-25 18:46:20.677671+00:00",
    "action_flag": 3,
    "change_message": ""
  }
},
{
  "model": "admin.logentry",
  "pk": 179,
  "fields": {
    "action_time": "2021-04-25T21:35:14.927Z",
    "user": [
      "bbtvntrash@gmail.com"
    ],
    "content_type": [
      "base",
      "product"
    ],
    "object_id": "6",
    "object_repr": "Amazon Echo Dot 3rd Generation",
    "action_flag": 2,
    "change_message": "[{\"changed\": {\"fields\": [\"CountInStock\"]}}]"
  }
},
{
  "model": "admin.logentry",
  "pk": 180,
  "fields": {
    "action_time": "2021-04-25T21:35:24.766Z",
    "user": [
      "bbtvntrash@gmail.com"
    ],
    "content_type": [
      "base",
      "product"
    ],
    "object_id": "3",
    "object_repr": "Cannon EOS 80D DSLR Camera",
    "action_flag": 2,
    "change_message": "[{\"changed\": {\"fields\": [\"CountInStock\"]}}]"
  }
},
{
  "model": "admin.logentry",
  "pk": 181,
  "fields": {
    "action_time": "2021-04-25T21:35:38.190Z",
    "user": [
      "bbtvntrash@gmail.com"
    ],
    "content_type": [
      "base",
      "product"
    ],
    "object_id": "1",
    "object_repr": "Airpods Wireless Bluetooth Headphones",
    "action_flag": 2,
    "change_message": "[{\"changed\": {\"fields\": [\"CountInStock\"]}}]"
  }
},
{
  "model": "admin.logentry",
  "pk": 182,
  "fields": {
    "action_time": "2021-04-25T21:43:59.979Z",
    "user": [
      "bbtvntrash@gmail.com"
    ],
    "content_type": [
      "base",
      "order"
    ],
    "object_id": "61",
    "object_repr": "2021-04-25 21:34:51.554903+00:00",
    "action_flag": 2,
    "change_message": "[{\"changed\": {\"fields\": [\"IsPaid\"]}}]"
  }
},
{
  "model": "admin.logentry",
  "pk": 183,
  "fields": {
    "action_time": "2021-04-25T21:44:24.126Z",
    "user": [
      "bbtvntrash@gmail.com"
    ],
    "content_type": [
      "base",
      "order"
    ],
    "object_id": "61",
    "object_repr": "2021-04-25 21:34:51.554903+00:00",
    "action_flag": 2,
    "change_message": "[{\"changed\": {\"fields\": [\"PaidAt\"]}}]"
  }
},
{
  "model": "admin.logentry",
  "pk": 184,
  "fields": {
    "action_time": "2021-04-25T21:46:18.752Z",
    "user": [
      "bbtvntrash@gmail.com"
    ],
    "content_type": [
      "base",
      "order"
    ],
    "object_id": "61",
    "object_repr": "2021-04-25 21:34:51.554903+00:00",
    "action_flag": 2,
    "change_message": "[{\"changed\": {\"fields\": [\"IsPaid\", \"IsDelivered\", \"DeliveredAt\"]}}]"
  }
},
{
  "model": "admin.logentry",
  "pk": 185,
  "fields": {
    "action_time": "2021-04-25T21:46:29.544Z",
    "user": [
      "bbtvntrash@gmail.com"
    ],
    "content_type": [
      "base",
      "order"
    ],
    "object_id": "61",
    "object_repr": "2021-04-25 21:34:51.554903+00:00",
    "action_flag": 2,
    "change_message": "[{\"changed\": {\"fields\": [\"IsPaid\"]}}]"
  }
},
{
  "model": "admin.logentry",
  "pk": 186,
  "fields": {
    "action_time": "2021-04-26T00:19:23.546Z",
    "user": [
      "bbtvntrash@gmail.com"
    ],
    "content_type": [
      "auth",
      "user"
    ],
    "object_id": "9",
    "object_repr": "bbtvntrash@gmail.com",
    "action_flag": 1,
    "change_message": "[{\"added\": {}}]"
  }
},
{
  "model": "admin.logentry",
  "pk": 187,
  "fields": {
    "action_time": "2021-04-26T00:19:33.085Z",
    "user": [
      "bbtvntrash@gmail.com"
    ],
    "content_type": [
      "auth",
      "user"
    ],
    "object_id": "9",
    "object_repr": "bbtvntrash@gmail.com",
    "action_flag": 2,
    "change_message": "[{\"changed\": {\"fields\": [\"First name\"]}}]"
  }
},
{
  "model": "admin.logentry",
  "pk": 188,
  "fields": {
    "action_time": "2021-04-26T01:04:14.807Z",
    "user": [
      "bbtvntrash@gmail.com"
    ],
    "content_type": [
      "auth",
      "user"
    ],
    "object_id": "6",
    "object_repr": "bombito@gmail.com",
    "action_flag": 2,
    "change_message": "[{\"changed\": {\"fields\": [\"Email address\"]}}]"
  }
},
{
  "model": "admin.logentry",
  "pk": 189,
  "fields": {
    "action_time": "2021-04-26T01:04:24.163Z",
    "user": [
      "bbtvntrash@gmail.com"
    ],
    "content_type": [
      "auth",
      "user"
    ],
    "object_id": "9",
    "object_repr": "bbtvntrash@gmail.com",
    "action_flag": 2,
    "change_message": "[{\"changed\": {\"fields\": [\"Email address\"]}}]"
  }
},
{
  "model": "admin.logentry",
  "pk": 190,
  "fields": {
    "action_time": "2021-04-26T01:06:58.555Z",
    "user": [
      "bbtvntrash@gmail.com"
    ],
    "content_type": [
      "base",
      "order"
    ],
    "object_id": "73",
    "object_repr": "2021-04-26 01:04:40.776724+00:00",
    "action_flag": 3,
    "change_message": ""
  }
},
{
  "model": "admin.logentry",
  "pk": 191,
  "fields": {
    "action_time": "2021-04-26T01:06:58.741Z",
    "user": [
      "bbtvntrash@gmail.com"
    ],
    "content_type": [
      "base",
      "order"
    ],
    "object_id": "72",
    "object_repr": "2021-04-26 01:02:54.002278+00:00",
    "action_flag": 3,
    "change_message": ""
  }
},
{
  "model": "admin.logentry",
  "pk": 192,
  "fields": {
    "action_time": "2021-04-26T01:06:58.918Z",
    "user": [
      "bbtvntrash@gmail.com"
    ],
    "content_type": [
      "base",
      "order"
    ],
    "object_id": "71",
    "object_repr": "2021-04-26 00:59:59.279947+00:00",
    "action_flag": 3,
    "change_message": ""
  }
},
{
  "model": "admin.logentry",
  "pk": 193,
  "fields": {
    "action_time": "2021-04-26T01:06:59.073Z",
    "user": [
      "bbtvntrash@gmail.com"
    ],
    "content_type": [
      "base",
      "order"
    ],
    "object_id": "70",
    "object_repr": "2021-04-26 00:58:25.936386+00:00",
    "action_flag": 3,
    "change_message": ""
  }
},
{
  "model": "admin.logentry",
  "pk": 194,
  "fields": {
    "action_time": "2021-04-26T01:06:59.206Z",
    "user": [
      "bbtvntrash@gmail.com"
    ],
    "content_type": [
      "base",
      "order"
    ],
    "object_id": "69",
    "object_repr": "2021-04-26 00:57:29.545351+00:00",
    "action_flag": 3,
    "change_message": ""
  }
},
{
  "model": "admin.logentry",
  "pk": 195,
  "fields": {
    "action_time": "2021-04-26T01:06:59.350Z",
    "user": [
      "bbtvntrash@gmail.com"
    ],
    "content_type": [
      "base",
      "order"
    ],
    "object_id": "68",
    "object_repr": "2021-04-26 00:24:36.056629+00:00",
    "action_flag": 3,
    "change_message": ""
  }
},
{
  "model": "admin.logentry",
  "pk": 196,
  "fields": {
    "action_time": "2021-04-26T01:06:59.494Z",
    "user": [
      "bbtvntrash@gmail.com"
    ],
    "content_type": [
      "base",
      "order"
    ],
    "object_id": "67",
    "object_repr": "2021-04-26 00:23:48.255012+00:00",
    "action_flag": 3,
    "change_message": ""
  }
},
{
  "model": "admin.logentry",
  "pk": 197,
  "fields": {
    "action_time": "2021-04-26T01:06:59.616Z",
    "user": [
      "bbtvntrash@gmail.com"
    ],
    "content_type": [
      "base",
      "order"
    ],
    "object_id": "66",
    "object_repr": "2021-04-26 00:22:21.372545+00:00",
    "action_flag": 3,
    "change_message": ""
  }
},
{
  "model": "admin.logentry",
  "pk": 198,
  "fields": {
    "action_time": "2021-04-26T01:06:59.738Z",
    "user": [
      "bbtvntrash@gmail.com"
    ],
    "content_type": [
      "base",
      "order"
    ],
    "object_id": "65",
    "object_repr": "2021-04-26 00:19:52.301055+00:00",
    "action_flag": 3,
    "change_message": ""
  }
},
{
  "model": "admin.logentry",
  "pk": 199,
  "fields": {
    "action_time": "2021-04-26T01:06:59.850Z",
    "user": [
      "bbtvntrash@gmail.com"
    ],
    "content_type": [
      "base",
      "order"
    ],
    "object_id": "64",
    "object_repr": "2021-04-25 23:08:51.699782+00:00",
    "action_flag": 3,
    "change_message": ""
  }
},
{
  "model": "admin.logentry",
  "pk": 200,
  "fields": {
    "action_time": "2021-04-26T01:06:59.950Z",
    "user": [
      "bbtvntrash@gmail.com"
    ],
    "content_type": [
      "base",
      "order"
    ],
    "object_id": "63",
    "object_repr": "2021-04-25 22:49:09.542241+00:00",
    "action_flag": 3,
    "change_message": ""
  }
},
{
  "model": "admin.logentry",
  "pk": 201,
  "fields": {
    "action_time": "2021-04-26T01:07:00.050Z",
    "user": [
      "bbtvntrash@gmail.com"
    ],
    "content_type": [
      "base",
      "order"
    ],
    "object_id": "62",
    "object_repr": "2021-04-25 22:41:20.254810+00:00",
    "action_flag": 3,
    "change_message": ""
  }
},
{
  "model": "admin.logentry",
  "pk": 202,
  "fields": {
    "action_time": "2021-04-26T01:07:00.172Z",
    "user": [
      "bbtvntrash@gmail.com"
    ],
    "content_type": [
      "base",
      "order"
    ],
    "object_id": "61",
    "object_repr": "2021-04-25 21:34:51.554903+00:00",
    "action_flag": 3,
    "change_message": ""
  }
},
{
  "model": "admin.logentry",
  "pk": 203,
  "fields": {
    "action_time": "2021-04-26T01:07:00.305Z",
    "user": [
      "bbtvntrash@gmail.com"
    ],
    "content_type": [
      "base",
      "order"
    ],
    "object_id": "60",
    "object_repr": "2021-04-25 20:18:14.855145+00:00",
    "action_flag": 3,
    "change_message": ""
  }
},
{
  "model": "admin.logentry",
  "pk": 204,
  "fields": {
    "action_time": "2021-04-26T01:07:33.930Z",
    "user": [
      "bbtvntrash@gmail.com"
    ],
    "content_type": [
      "base",
      "product"
    ],
    "object_id": "5",
    "object_repr": "Logitech G-Series Gaming Mouse",
    "action_flag": 2,
    "change_message": "[{\"changed\": {\"fields\": [\"CountInStock\"]}}]"
  }
},
{
  "model": "admin.logentry",
  "pk": 205,
  "fields": {
    "action_time": "2021-04-26T01:07:53.951Z",
    "user": [
      "bbtvntrash@gmail.com"
    ],
    "content_type": [
      "base",
      "product"
    ],
    "object_id": "5",
    "object_repr": "Logitech G-Series Gaming Mouse",
    "action_flag": 2,
    "change_message": "[{\"changed\": {\"fields\": [\"CountInStock\"]}}]"
  }
},
{
  "model": "admin.logentry",
  "pk": 206,
  "fields": {
    "action_time": "2021-04-26T01:08:26.745Z",
    "user": [
      "bbtvntrash@gmail.com"
    ],
    "content_type": [
      "base",
      "orderitem"
    ],
    "object_id": "118",
    "object_repr": "Logitech G-Series Gaming Mouse",
    "action_flag": 3,
    "change_message": ""
  }
},
{
  "model": "admin.logentry",
  "pk": 207,
  "fields": {
    "action_time": "2021-04-26T01:08:26.927Z",
    "user": [
      "bbtvntrash@gmail.com"
    ],
    "content_type": [
      "base",
      "orderitem"
    ],
    "object_id": "117",
    "object_repr": "Amazon Echo Dot 3rd Generation",
    "action_flag": 3,
    "change_message": ""
  }
},
{
  "model": "admin.logentry",
  "pk": 208,
  "fields": {
    "action_time": "2021-04-26T01:08:27.104Z",
    "user": [
      "bbtvntrash@gmail.com"
    ],
    "content_type": [
      "base",
      "orderitem"
    ],
    "object_id": "116",
    "object_repr": "Airpods Wireless Bluetooth Headphones",
    "action_flag": 3,
    "change_message": ""
  }
},
{
  "model": "admin.logentry",
  "pk": 209,
  "fields": {
    "action_time": "2021-04-26T01:08:27.378Z",
    "user": [
      "bbtvntrash@gmail.com"
    ],
    "content_type": [
      "base",
      "orderitem"
    ],
    "object_id": "115",
    "object_repr": "Sony Playstation 4 Pro White Version",
    "action_flag": 3,
    "change_message": ""
  }
},
{
  "model": "admin.logentry",
  "pk": 210,
  "fields": {
    "action_time": "2021-04-26T01:08:27.500Z",
    "user": [
      "bbtvntrash@gmail.com"
    ],
    "content_type": [
      "base",
      "orderitem"
    ],
    "object_id": "114",
    "object_repr": "Airpods Wireless Bluetooth Headphones",
    "action_flag": 3,
    "change_message": ""
  }
},
{
  "model": "admin.logentry",
  "pk": 211,
  "fields": {
    "action_time": "2021-04-26T01:08:27.637Z",
    "user": [
      "bbtvntrash@gmail.com"
    ],
    "content_type": [
      "base",
      "orderitem"
    ],
    "object_id": "113",
    "object_repr": "Amazon Echo Dot 3rd Generation",
    "action_flag": 3,
    "change_message": ""
  }
},
{
  "model": "admin.logentry",
  "pk": 212,
  "fields": {
    "action_time": "2021-04-26T01:08:27.770Z",
    "user": [
      "bbtvntrash@gmail.com"
    ],
    "content_type": [
      "base",
      "orderitem"
    ],
    "object_id": "112",
    "object_repr": "Amazon Echo Dot 3rd Generation",
    "action_flag": 3,
    "change_message": ""
  }
},
{
  "model": "admin.logentry",
  "pk": 213,
  "fields": {
    "action_time": "2021-04-26T01:08:27.915Z",
    "user": [
      "bbtvntrash@gmail.com"
    ],
    "content_type": [
      "base",
      "orderitem"
    ],
    "object_id": "111",
    "object_repr": "Sony Playstation 4 Pro White Version",
    "action_flag": 3,
    "change_message": ""
  }
},
{
  "model": "admin.logentry",
  "pk": 214,
  "fields": {
    "action_time": "2021-04-26T01:08:28.048Z",
    "user": [
      "bbtvntrash@gmail.com"
    ],
    "content_type": [
      "base",
      "orderitem"
    ],
    "object_id": "110",
    "object_repr": "Cannon EOS 80D DSLR Camera",
    "action_flag": 3,
    "change_message": ""
  }
},
{
  "model": "admin.logentry",
  "pk": 215,
  "fields": {
    "action_time": "2021-04-26T01:08:28.159Z",
    "user": [
      "bbtvntrash@gmail.com"
    ],
    "content_type": [
      "base",
      "orderitem"
    ],
    "object_id": "109",
    "object_repr": "Airpods Wireless Bluetooth Headphones",
    "action_flag": 3,
    "change_message": ""
  }
},
{
  "model": "admin.logentry",
  "pk": 216,
  "fields": {
    "action_time": "2021-04-26T01:08:28.292Z",
    "user": [
      "bbtvntrash@gmail.com"
    ],
    "content_type": [
      "base",
      "orderitem"
    ],
    "object_id": "108",
    "object_repr": "Airpods Wireless Bluetooth Headphones",
    "action_flag": 3,
    "change_message": ""
  }
},
{
  "model": "admin.logentry",
  "pk": 217,
  "fields": {
    "action_time": "2021-04-26T01:08:28.403Z",
    "user": [
      "bbtvntrash@gmail.com"
    ],
    "content_type": [
      "base",
      "orderitem"
    ],
    "object_id": "107",
    "object_repr": "Airpods Wireless Bluetooth Headphones",
    "action_flag": 3,
    "change_message": ""
  }
},
{
  "model": "admin.logentry",
  "pk": 218,
  "fields": {
    "action_time": "2021-04-26T01:08:28.525Z",
    "user": [
      "bbtvntrash@gmail.com"
    ],
    "content_type": [
      "base",
      "orderitem"
    ],
    "object_id": "106",
    "object_repr": "Cannon EOS 80D DSLR Camera",
    "action_flag": 3,
    "change_message": ""
  }
},
{
  "model": "admin.logentry",
  "pk": 219,
  "fields": {
    "action_time": "2021-04-26T01:08:28.635Z",
    "user": [
      "bbtvntrash@gmail.com"
    ],
    "content_type": [
      "base",
      "orderitem"
    ],
    "object_id": "105",
    "object_repr": "iPhone 11 Pro 256GB Memory",
    "action_flag": 3,
    "change_message": ""
  }
},
{
  "model": "admin.logentry",
  "pk": 220,
  "fields": {
    "action_time": "2021-04-26T01:08:28.780Z",
    "user": [
      "bbtvntrash@gmail.com"
    ],
    "content_type": [
      "base",
      "orderitem"
    ],
    "object_id": "104",
    "object_repr": "Airpods Wireless Bluetooth Headphones",
    "action_flag": 3,
    "change_message": ""
  }
},
{
  "model": "admin.logentry",
  "pk": 221,
  "fields": {
    "action_time": "2021-04-26T01:08:28.901Z",
    "user": [
      "bbtvntrash@gmail.com"
    ],
    "content_type": [
      "base",
      "orderitem"
    ],
    "object_id": "103",
    "object_repr": "Sony Playstation 4 Pro White Version",
    "action_flag": 3,
    "change_message": ""
  }
},
{
  "model": "admin.logentry",
  "pk": 222,
  "fields": {
    "action_time": "2021-04-26T01:08:29.012Z",
    "user": [
      "bbtvntrash@gmail.com"
    ],
    "content_type": [
      "base",
      "orderitem"
    ],
    "object_id": "102",
    "object_repr": "Sony Playstation 4 Pro White Version",
    "action_flag": 3,
    "change_message": ""
  }
},
{
  "model": "admin.logentry",
  "pk": 223,
  "fields": {
    "action_time": "2021-04-26T01:08:29.134Z",
    "user": [
      "bbtvntrash@gmail.com"
    ],
    "content_type": [
      "base",
      "orderitem"
    ],
    "object_id": "101",
    "object_repr": "Sony Playstation 4 Pro White Version",
    "action_flag": 3,
    "change_message": ""
  }
},
{
  "model": "admin.logentry",
  "pk": 224,
  "fields": {
    "action_time": "2021-04-26T01:08:29.290Z",
    "user": [
      "bbtvntrash@gmail.com"
    ],
    "content_type": [
      "base",
      "orderitem"
    ],
    "object_id": "100",
    "object_repr": "Cannon EOS 80D DSLR Camera",
    "action_flag": 3,
    "change_message": ""
  }
},
{
  "model": "admin.logentry",
  "pk": 225,
  "fields": {
    "action_time": "2021-04-26T01:08:29.409Z",
    "user": [
      "bbtvntrash@gmail.com"
    ],
    "content_type": [
      "base",
      "orderitem"
    ],
    "object_id": "99",
    "object_repr": "Cannon EOS 80D DSLR Camera",
    "action_flag": 3,
    "change_message": ""
  }
},
{
  "model": "admin.logentry",
  "pk": 226,
  "fields": {
    "action_time": "2021-04-26T01:08:29.535Z",
    "user": [
      "bbtvntrash@gmail.com"
    ],
    "content_type": [
      "base",
      "orderitem"
    ],
    "object_id": "98",
    "object_repr": "Cannon EOS 80D DSLR Camera",
    "action_flag": 3,
    "change_message": ""
  }
},
{
  "model": "admin.logentry",
  "pk": 227,
  "fields": {
    "action_time": "2021-04-26T01:08:29.668Z",
    "user": [
      "bbtvntrash@gmail.com"
    ],
    "content_type": [
      "base",
      "orderitem"
    ],
    "object_id": "97",
    "object_repr": "Cannon EOS 80D DSLR Camera",
    "action_flag": 3,
    "change_message": ""
  }
},
{
  "model": "admin.logentry",
  "pk": 228,
  "fields": {
    "action_time": "2021-04-26T01:12:10.477Z",
    "user": [
      "bbtvntrash@gmail.com"
    ],
    "content_type": [
      "base",
      "order"
    ],
    "object_id": "79",
    "object_repr": "2021-04-26 01:11:30.430130+00:00",
    "action_flag": 3,
    "change_message": ""
  }
},
{
  "model": "admin.logentry",
  "pk": 229,
  "fields": {
    "action_time": "2021-04-26T01:12:10.660Z",
    "user": [
      "bbtvntrash@gmail.com"
    ],
    "content_type": [
      "base",
      "order"
    ],
    "object_id": "78",
    "object_repr": "2021-04-26 01:10:59.068461+00:00",
    "action_flag": 3,
    "change_message": ""
  }
},
{
  "model": "admin.logentry",
  "pk": 230,
  "fields": {
    "action_time": "2021-04-26T01:12:11.426Z",
    "user": [
      "bbtvntrash@gmail.com"
    ],
    "content_type": [
      "base",
      "order"
    ],
    "object_id": "77",
    "object_repr": "2021-04-26 01:09:55.404205+00:00",
    "action_flag": 3,
    "change_message": ""
  }
},
{
  "model": "admin.logentry",
  "pk": 231,
  "fields": {
    "action_time": "2021-04-26T01:12:11.559Z",
    "user": [
      "bbtvntrash@gmail.com"
    ],
    "content_type": [
      "base",
      "order"
    ],
    "object_id": "76",
    "object_repr": "2021-04-26 01:09:22.042139+00:00",
    "action_flag": 3,
    "change_message": ""
  }
},
{
  "model": "admin.logentry",
  "pk": 232,
  "fields": {
    "action_time": "2021-04-26T01:12:11.681Z",
    "user": [
      "bbtvntrash@gmail.com"
    ],
    "content_type": [
      "base",
      "order"
    ],
    "object_id": "75",
    "object_repr": "2021-04-26 01:08:48.656686+00:00",
    "action_flag": 3,
    "change_message": ""
  }
},
{
  "model": "admin.logentry",
  "pk": 233,
  "fields": {
    "action_time": "2021-04-26T01:12:11.792Z",
    "user": [
      "bbtvntrash@gmail.com"
    ],
    "content_type": [
      "base",
      "order"
    ],
    "object_id": "74",
    "object_repr": "2021-04-26 01:08:02.214965+00:00",
    "action_flag": 3,
    "change_message": ""
  }
},
{
  "model": "admin.logentry",
  "pk": 234,
  "fields": {
    "action_time": "2021-04-26T01:12:16.682Z",
    "user": [
      "bbtvntrash@gmail.com"
    ],
    "content_type": [
      "base",
      "orderitem"
    ],
    "object_id": "123",
    "object_repr": "Sony Playstation 4 Pro White Version",
    "action_flag": 3,
    "change_message": ""
  }
},
{
  "model": "admin.logentry",
  "pk": 235,
  "fields": {
    "action_time": "2021-04-26T01:12:17.372Z",
    "user": [
      "bbtvntrash@gmail.com"
    ],
    "content_type": [
      "base",
      "orderitem"
    ],
    "object_id": "122",
    "object_repr": "Airpods Wireless Bluetooth Headphones",
    "action_flag": 3,
    "change_message": ""
  }
},
{
  "model": "admin.logentry",
  "pk": 236,
  "fields": {
    "action_time": "2021-04-26T01:12:17.494Z",
    "user": [
      "bbtvntrash@gmail.com"
    ],
    "content_type": [
      "base",
      "orderitem"
    ],
    "object_id": "121",
    "object_repr": "iPhone 11 Pro 256GB Memory",
    "action_flag": 3,
    "change_message": ""
  }
},
{
  "model": "admin.logentry",
  "pk": 237,
  "fields": {
    "action_time": "2021-04-26T01:12:17.628Z",
    "user": [
      "bbtvntrash@gmail.com"
    ],
    "content_type": [
      "base",
      "orderitem"
    ],
    "object_id": "120",
    "object_repr": "Amazon Echo Dot 3rd Generation",
    "action_flag": 3,
    "change_message": ""
  }
},
{
  "model": "admin.logentry",
  "pk": 238,
  "fields": {
    "action_time": "2021-04-26T01:12:17.739Z",
    "user": [
      "bbtvntrash@gmail.com"
    ],
    "content_type": [
      "base",
      "orderitem"
    ],
    "object_id": "119",
    "object_repr": "Cannon EOS 80D DSLR Camera",
    "action_flag": 3,
    "change_message": ""
  }
},
{
  "model": "admin.logentry",
  "pk": 239,
  "fields": {
    "action_time": "2021-04-27T04:31:56.647Z",
    "user": [
      "bbtvntrash@gmail.com"
    ],
    "content_type": [
      "auth",
      "user"
    ],
    "object_id": "9",
    "object_repr": "bbtvntrash@gmail.com",
    "action_flag": 3,
    "change_message": ""
  }
},
{
  "model": "admin.logentry",
  "pk": 240,
  "fields": {
    "action_time": "2021-04-27T04:32:04.095Z",
    "user": [
      "bbtvntrash@gmail.com"
    ],
    "content_type": [
      "auth",
      "user"
    ],
    "object_id": "1",
    "object_repr": "bbtvntrash@gmail.com",
    "action_flag": 2,
    "change_message": "[{\"changed\": {\"fields\": [\"Username\"]}}]"
  }
},
{
  "model": "admin.logentry",
  "pk": 241,
  "fields": {
    "action_time": "2021-05-01T23:35:59.316Z",
    "user": [
      "bbtvntrash@gmail.com"
    ],
    "content_type": [
      "base",
      "product"
    ],
    "object_id": "7",
    "object_repr": "un Dia con la danta",
    "action_flag": 1,
    "change_message": "[{\"added\": {}}]"
  }
},
{
  "model": "admin.logentry",
  "pk": 242,
  "fields": {
    "action_time": "2021-05-01T23:51:25.681Z",
    "user": [
      "bbtvntrash@gmail.com"
    ],
    "content_type": [
      "base",
      "product"
    ],
    "object_id": "8",
    "object_repr": "un Dia con la danta",
    "action_flag": 1,
    "change_message": "[{\"added\": {}}]"
  }
},
{
  "model": "admin.logentry",
  "pk": 243,
  "fields": {
    "action_time": "2021-05-01T23:55:12.313Z",
    "user": [
      "bbtvntrash@gmail.com"
    ],
    "content_type": [
      "base",
      "product"
    ],
    "object_id": "9",
    "object_repr": "danta",
    "action_flag": 1,
    "change_message": "[{\"added\": {}}]"
  }
},
{
  "model": "admin.logentry",
  "pk": 244,
  "fields": {
    "action_time": "2021-05-02T00:09:11.542Z",
    "user": [
      "bbtvntrash@gmail.com"
    ],
    "content_type": [
      "base",
      "product"
    ],
    "object_id": "7",
    "object_repr": "obmitoe",
    "action_flag": 1,
    "change_message": "[{\"added\": {}}]"
  }
},
{
  "model": "admin.logentry",
  "pk": 245,
  "fields": {
    "action_time": "2021-05-02T00:09:39.649Z",
    "user": [
      "bbtvntrash@gmail.com"
    ],
    "content_type": [
      "base",
      "product"
    ],
    "object_id": "7",
    "object_repr": "obmitoe",
    "action_flag": 3,
    "change_message": ""
  }
},
{
  "model": "admin.logentry",
  "pk": 246,
  "fields": {
    "action_time": "2021-06-02T19:18:25.834Z",
    "user": [
      "bbtvntrash@gmail.com"
    ],
    "content_type": [
      "base",
      "review"
    ],
    "object_id": "6",
    "object_repr": "5",
    "action_flag": 1,
    "change_message": "[{\"added\": {}}]"
  }
},
{
  "model": "admin.logentry",
  "pk": 247,
  "fields": {
    "action_time": "2021-06-10T22:29:06.057Z",
    "user": [
      "bbtvntrash@gmail.com"
    ],
    "content_type": [
      "base",
      "product"
    ],
    "object_id": "24",
    "object_repr": "Dance pole giratorio de altura ajustable",
    "action_flag": 1,
    "change_message": "[{\"added\": {}}]"
  }
},
{
  "model": "admin.logentry",
  "pk": 248,
  "fields": {
    "action_time": "2021-06-10T22:30:36.092Z",
    "user": [
      "bbtvntrash@gmail.com"
    ],
    "content_type": [
      "base",
      "product"
    ],
    "object_id": "24",
    "object_repr": "Dance pole giratorio de altura ajustable",
    "action_flag": 2,
    "change_message": "[{\"changed\": {\"fields\": [\"Price\"]}}]"
  }
},
{
  "model": "admin.logentry",
  "pk": 249,
  "fields": {
    "action_time": "2021-06-10T22:31:42.718Z",
    "user": [
      "bbtvntrash@gmail.com"
    ],
    "content_type": [
      "base",
      "product"
    ],
    "object_id": "24",
    "object_repr": "Dance pole giratorio de altura ajustable",
    "action_flag": 2,
    "change_message": "[{\"changed\": {\"fields\": [\"Image\"]}}]"
  }
},
{
  "model": "admin.logentry",
  "pk": 250,
  "fields": {
    "action_time": "2021-06-10T22:32:25.999Z",
    "user": [
      "bbtvntrash@gmail.com"
    ],
    "content_type": [
      "base",
      "product"
    ],
    "object_id": "24",
    "object_repr": "Dance pole giratorio de altura ajustable",
    "action_flag": 2,
    "change_message": "[]"
  }
},
{
  "model": "admin.logentry",
  "pk": 251,
  "fields": {
    "action_time": "2021-06-10T22:35:10.361Z",
    "user": [
      "bbtvntrash@gmail.com"
    ],
    "content_type": [
      "base",
      "product"
    ],
    "object_id": "25",
    "object_repr": "Body bar 6 kg",
    "action_flag": 1,
    "change_message": "[{\"added\": {}}]"
  }
},
{
  "model": "admin.logentry",
  "pk": 252,
  "fields": {
    "action_time": "2021-06-10T22:38:48.030Z",
    "user": [
      "bbtvntrash@gmail.com"
    ],
    "content_type": [
      "base",
      "product"
    ],
    "object_id": "26",
    "object_repr": "Stand Aereo",
    "action_flag": 1,
    "change_message": "[{\"added\": {}}]"
  }
},
{
  "model": "admin.logentry",
  "pk": 253,
  "fields": {
    "action_time": "2021-06-10T22:43:12.577Z",
    "user": [
      "bbtvntrash@gmail.com"
    ],
    "content_type": [
      "base",
      "product"
    ],
    "object_id": "27",
    "object_repr": "Kit Columpio de yoga",
    "action_flag": 1,
    "change_message": "[{\"added\": {}}]"
  }
},
{
  "model": "admin.logentry",
  "pk": 254,
  "fields": {
    "action_time": "2021-06-10T22:45:15.898Z",
    "user": [
      "bbtvntrash@gmail.com"
    ],
    "content_type": [
      "base",
      "product"
    ],
    "object_id": "6",
    "object_repr": "Amazon Echo Dot 3rd Generation",
    "action_flag": 3,
    "change_message": ""
  }
},
{
  "model": "admin.logentry",
  "pk": 255,
  "fields": {
    "action_time": "2021-06-10T22:45:16.075Z",
    "user": [
      "bbtvntrash@gmail.com"
    ],
    "content_type": [
      "base",
      "product"
    ],
    "object_id": "5",
    "object_repr": "Logitech G-Series Gaming Mouse",
    "action_flag": 3,
    "change_message": ""
  }
},
{
  "model": "admin.logentry",
  "pk": 256,
  "fields": {
    "action_time": "2021-06-10T22:45:16.174Z",
    "user": [
      "bbtvntrash@gmail.com"
    ],
    "content_type": [
      "base",
      "product"
    ],
    "object_id": "3",
    "object_repr": "Cannon EOS 80D DSLR Camera",
    "action_flag": 3,
    "change_message": ""
  }
},
{
  "model": "admin.logentry",
  "pk": 257,
  "fields": {
    "action_time": "2021-06-10T22:47:59.200Z",
    "user": [
      "bbtvntrash@gmail.com"
    ],
    "content_type": [
      "base",
      "product"
    ],
    "object_id": "28",
    "object_repr": "Bola de Gimnasia",
    "action_flag": 1,
    "change_message": "[{\"added\": {}}]"
  }
},
{
  "model": "admin.logentry",
  "pk": 258,
  "fields": {
    "action_time": "2021-06-10T22:53:05.564Z",
    "user": [
      "bbtvntrash@gmail.com"
    ],
    "content_type": [
      "base",
      "product"
    ],
    "object_id": "29",
    "object_repr": "Colchón de gimnasia de 3 paneles",
    "action_flag": 1,
    "change_message": "[{\"added\": {}}]"
  }
},
{
  "model": "admin.logentry",
  "pk": 259,
  "fields": {
    "action_time": "2021-06-10T22:56:21.225Z",
    "user": [
      "bbtvntrash@gmail.com"
    ],
    "content_type": [
      "base",
      "product"
    ],
    "object_id": "30",
    "object_repr": "Viga de equilibrio para gimnasia",
    "action_flag": 1,
    "change_message": "[{\"added\": {}}]"
  }
},
{
  "model": "admin.logentry",
  "pk": 260,
  "fields": {
    "action_time": "2021-06-10T22:56:59.894Z",
    "user": [
      "bbtvntrash@gmail.com"
    ],
    "content_type": [
      "base",
      "product"
    ],
    "object_id": "30",
    "object_repr": "Viga de equilibrio para gimnasia",
    "action_flag": 2,
    "change_message": "[{\"changed\": {\"fields\": [\"Image\"]}}]"
  }
},
{
  "model": "admin.logentry",
  "pk": 261,
  "fields": {
    "action_time": "2021-06-10T23:03:55.195Z",
    "user": [
      "bbtvntrash@gmail.com"
    ],
    "content_type": [
      "base",
      "product"
    ],
    "object_id": "31",
    "object_repr": "Kit de telas aéreas",
    "action_flag": 1,
    "change_message": "[{\"added\": {}}]"
  }
},
{
  "model": "admin.logentry",
  "pk": 262,
  "fields": {
    "action_time": "2021-06-10T23:09:51.429Z",
    "user": [
      "bbtvntrash@gmail.com"
    ],
    "content_type": [
      "base",
      "product"
    ],
    "object_id": "32",
    "object_repr": "Kit de lyra",
    "action_flag": 1,
    "change_message": "[{\"added\": {}}]"
  }
},
{
  "model": "admin.logentry",
  "pk": 263,
  "fields": {
    "action_time": "2021-06-10T23:15:04.257Z",
    "user": [
      "bbtvntrash@gmail.com"
    ],
    "content_type": [
      "base",
      "product"
    ],
    "object_id": "33",
    "object_repr": "Kit de Hamaca para yoga",
    "action_flag": 1,
    "change_message": "[{\"added\": {}}]"
  }
},
{
  "model": "admin.logentry",
  "pk": 264,
  "fields": {
    "action_time": "2021-06-10T23:16:37.168Z",
    "user": [
      "bbtvntrash@gmail.com"
    ],
    "content_type": [
      "base",
      "product"
    ],
    "object_id": "34",
    "object_repr": "Cubo para yoga",
    "action_flag": 1,
    "change_message": "[{\"added\": {}}]"
  }
},
{
  "model": "admin.logentry",
  "pk": 265,
  "fields": {
    "action_time": "2021-06-10T23:19:42.043Z",
    "user": [
      "bbtvntrash@gmail.com"
    ],
    "content_type": [
      "base",
      "product"
    ],
    "object_id": "35",
    "object_repr": "Colchón para pole dance",
    "action_flag": 1,
    "change_message": "[{\"added\": {}}]"
  }
},
{
  "model": "admin.logentry",
  "pk": 266,
  "fields": {
    "action_time": "2021-06-10T23:23:37.240Z",
    "user": [
      "bbtvntrash@gmail.com"
    ],
    "content_type": [
      "base",
      "product"
    ],
    "object_id": "36",
    "object_repr": "Piso de espuma encajable",
    "action_flag": 1,
    "change_message": "[{\"added\": {}}]"
  }
},
{
  "model": "admin.logentry",
  "pk": 267,
  "fields": {
    "action_time": "2021-06-10T23:26:28.329Z",
    "user": [
      "bbtvntrash@gmail.com"
    ],
    "content_type": [
      "base",
      "product"
    ],
    "object_id": "37",
    "object_repr": "Red aérea",
    "action_flag": 1,
    "change_message": "[{\"added\": {}}]"
  }
},
{
  "model": "admin.logentry",
  "pk": 268,
  "fields": {
    "action_time": "2021-06-10T23:28:49.451Z",
    "user": [
      "bbtvntrash@gmail.com"
    ],
    "content_type": [
      "base",
      "product"
    ],
    "object_id": "38",
    "object_repr": "Lazo para salto",
    "action_flag": 1,
    "change_message": "[{\"added\": {}}]"
  }
},
{
  "model": "admin.logentry",
  "pk": 269,
  "fields": {
    "action_time": "2021-06-10T23:32:49.661Z",
    "user": [
      "bbtvntrash@gmail.com"
    ],
    "content_type": [
      "base",
      "product"
    ],
    "object_id": "39",
    "object_repr": "Cintas de agarre",
    "action_flag": 1,
    "change_message": "[{\"added\": {}}]"
  }
},
{
  "model": "admin.logentry",
  "pk": 270,
  "fields": {
    "action_time": "2021-06-10T23:33:07.325Z",
    "user": [
      "bbtvntrash@gmail.com"
    ],
    "content_type": [
      "base",
      "product"
    ],
    "object_id": "4",
    "object_repr": "Sony Playstation 4 Pro White Version",
    "action_flag": 3,
    "change_message": ""
  }
},
{
  "model": "admin.logentry",
  "pk": 271,
  "fields": {
    "action_time": "2021-06-10T23:33:07.494Z",
    "user": [
      "bbtvntrash@gmail.com"
    ],
    "content_type": [
      "base",
      "product"
    ],
    "object_id": "2",
    "object_repr": "iPhone 11 Pro 256GB Memory",
    "action_flag": 3,
    "change_message": ""
  }
},
{
  "model": "admin.logentry",
  "pk": 272,
  "fields": {
    "action_time": "2021-06-10T23:33:07.616Z",
    "user": [
      "bbtvntrash@gmail.com"
    ],
    "content_type": [
      "base",
      "product"
    ],
    "object_id": "1",
    "object_repr": "Airpods Wireless Bluetooth Headphones",
    "action_flag": 3,
    "change_message": ""
  }
},
{
  "model": "admin.logentry",
  "pk": 273,
  "fields": {
    "action_time": "2021-06-11T03:11:31.639Z",
    "user": [
      "bbtvntrash@gmail.com"
    ],
    "content_type": [
      "base",
      "product"
    ],
    "object_id": "24",
    "object_repr": "Dance pole giratorio de altura ajustable",
    "action_flag": 2,
    "change_message": "[]"
  }
},
{
  "model": "admin.logentry",
  "pk": 274,
  "fields": {
    "action_time": "2021-06-11T03:15:12.172Z",
    "user": [
      "bbtvntrash@gmail.com"
    ],
    "content_type": [
      "base",
      "product"
    ],
    "object_id": "24",
    "object_repr": "Dance pole giratorio de altura ajustable",
    "action_flag": 2,
    "change_message": "[{\"changed\": {\"fields\": [\"Price\"]}}]"
  }
},
{
  "model": "admin.logentry",
  "pk": 275,
  "fields": {
    "action_time": "2021-06-11T03:22:50.092Z",
    "user": [
      "bbtvntrash@gmail.com"
    ],
    "content_type": [
      "base",
      "product"
    ],
    "object_id": "34",
    "object_repr": "Cubo para yoga",
    "action_flag": 2,
    "change_message": "[{\"changed\": {\"fields\": [\"CountInStock\"]}}]"
  }
},
{
  "model": "admin.logentry",
  "pk": 276,
  "fields": {
    "action_time": "2021-06-11T03:31:01.671Z",
    "user": [
      "bbtvntrash@gmail.com"
    ],
    "content_type": [
      "base",
      "product"
    ],
    "object_id": "28",
    "object_repr": "Bola de Gimnasia",
    "action_flag": 2,
    "change_message": "[{\"changed\": {\"fields\": [\"CountInStock\"]}}]"
  }
},
{
  "model": "admin.logentry",
  "pk": 277,
  "fields": {
    "action_time": "2021-06-11T03:44:27.582Z",
    "user": [
      "bbtvntrash@gmail.com"
    ],
    "content_type": [
      "base",
      "product"
    ],
    "object_id": "24",
    "object_repr": "Dance pole giratorio de altura ajustable",
    "action_flag": 2,
    "change_message": "[{\"changed\": {\"fields\": [\"Price\"]}}]"
  }
},
{
  "model": "admin.logentry",
  "pk": 278,
  "fields": {
    "action_time": "2021-06-11T03:44:42.503Z",
    "user": [
      "bbtvntrash@gmail.com"
    ],
    "content_type": [
      "base",
      "product"
    ],
    "object_id": "24",
    "object_repr": "Dance pole giratorio de altura ajustable",
    "action_flag": 2,
    "change_message": "[{\"changed\": {\"fields\": [\"CountInStock\"]}}]"
  }
}
]
